CVE_MUN,GM,IM,k-means++
01001,Muy bajo,60.3187950417198,0
01002,Muy bajo,56.546071016613,2
01003,Muy bajo,57.0582509369582,0
01004,Muy bajo,57.1140301001378,0
01005,Muy bajo,59.0117616967172,0
01006,Muy bajo,58.6247678266779,0
01007,Muy bajo,57.6466713495514,0
01008,Muy bajo,57.5275305589345,0
01009,Muy bajo,56.6043143837497,0
01010,Muy bajo,56.5557942161932,0
01011,Muy bajo,58.5520978333435,0
02001,Muy bajo,58.082237567032,0
02002,Muy bajo,59.3849890945595,0
02003,Muy bajo,58.3900774399861,0
02004,Muy bajo,59.1402868170204,0
02005,Muy bajo,58.291417465293,0
02006,Medio,53.3990400136774,2
03001,Muy bajo,58.2638228268869,0
03002,Muy bajo,57.4925673102967,0
03003,Muy bajo,59.8532531027085,0
03008,Muy bajo,58.7357270060101,0
03009,Muy bajo,58.8193122984084,0
04001,Bajo,55.3812819245503,0
04002,Muy bajo,58.6407010357592,0
04003,Muy bajo,58.0950832846142,0
04004,Bajo,54.8325989080778,2
04005,Bajo,55.6860046589221,0
04006,Medio,53.6026514197597,2
04007,Medio,52.7603020275498,2
04008,Bajo,55.1820078528213,2
04009,Bajo,54.8902956416295,2
04010,Alto,50.7093716101968,4
04011,Alto,50.5139363387235,2
04012,Bajo,55.8783319762054,0
05001,Muy bajo,57.8201477198815,0
05002,Muy bajo,58.4817122918216,0
05003,Muy bajo,59.7938289954527,0
05004,Muy bajo,58.0449869593202,0
05005,Bajo,55.9194917338476,2
05006,Muy bajo,59.3106239603317,0
05007,Muy bajo,57.220514347307,0
05008,Bajo,56.4434939150664,2
05009,Muy bajo,57.8246734818765,0
05010,Muy bajo,60.0842709636714,0
05011,Muy bajo,57.1210015864091,0
05012,Bajo,55.6679087962824,2
05013,Bajo,56.0716090813527,2
05014,Bajo,55.4032123875801,2
05015,Muy bajo,56.6770026083266,2
05016,Muy bajo,57.3261855621437,0
05017,Muy bajo,58.1804004142075,0
05018,Muy bajo,60.4768300568519,0
05019,Muy bajo,59.4673507022789,0
05020,Muy bajo,58.9049613636146,0
05021,Muy bajo,57.7527937612693,0
05022,Muy bajo,58.9554821241229,0
05023,Bajo,55.1278959758259,2
05024,Muy bajo,57.9477297945311,0
05025,Muy bajo,59.2727558881289,0
05026,Bajo,56.4638302346,2
05027,Muy bajo,60.1650088427359,0
05028,Muy bajo,59.7511520314129,0
05029,Muy bajo,57.4433073588306,0
05030,Muy bajo,60.7375040578758,0
05031,Muy bajo,59.9613705887526,0
05032,Muy bajo,59.7579886590898,0
05033,Muy bajo,57.059406535828,0
05034,Muy bajo,57.9045374458784,0
05035,Muy bajo,60.2884207175746,0
05036,Bajo,54.8588292288359,2
05037,Muy bajo,58.337700821595,0
05038,Muy bajo,57.7682332789898,0
06001,Bajo,56.4059237449604,0
06002,Muy bajo,59.7711755354347,0
06003,Muy bajo,57.1625072020632,0
06004,Muy bajo,57.1251916292823,0
06005,Muy bajo,58.1700784403634,0
06006,Bajo,55.0289760226252,2
06007,Muy bajo,59.7547410038696,0
06008,Muy bajo,57.3805329920052,0
06009,Muy bajo,57.1954216340676,0
06010,Muy bajo,60.5120922228991,0
07001,Medio,53.2907904738896,2
07002,Medio,53.3009496928406,2
07003,Alto,52.1499492969481,2
07004,Alto,49.7840661417914,1
07005,Alto,48.7593250790908,1
07006,Alto,52.2296012272431,2
07007,Muy alto,45.981946197677,4
07008,Alto,51.5472580763044,1
07009,Medio,54.5793351882981,2
07010,Alto,49.7756697893572,4
07011,Alto,51.5097790448289,2
07012,Medio,53.2988113851827,2
07013,Alto,52.0224667435321,1
07014,Alto,50.0944470305582,1
07015,Medio,54.5750731851716,2
07016,Alto,52.1298806862818,2
07017,Medio,53.7799251744326,2
07018,Alto,52.2651458294411,1
07019,Bajo,54.9683255947039,2
07020,Alto,50.345273777775,1
07021,Medio,53.1786471264422,2
07022,Muy alto,37.8069459586062,3
07023,Muy alto,46.3278465780139,1
07024,Muy alto,46.4378836071254,4
07025,Alto,51.5044924730301,1
07026,Muy alto,45.4293080626882,1
07027,Bajo,55.0370926693881,2
07028,Alto,51.6651883576316,1
07029,Medio,53.411133839476,2
07030,Alto,50.6852195036764,1
07031,Muy alto,45.2557776016108,1
07032,Alto,52.5820017564812,2
07033,Alto,49.9740571910312,1
07034,Medio,53.310646120513,2
07035,Alto,52.3329033180957,2
07036,Alto,52.0599373900267,2
07037,Alto,52.5506286011626,2
07038,Muy alto,48.5315608456366,1
07039,Alto,48.9210111099177,1
07040,Medio,54.488482551691,2
07041,Alto,52.2893584036738,1
07042,Medio,52.9477110108393,2
07043,Medio,53.4659644235862,2
07044,Alto,51.6527299008629,1
07045,Alto,51.0570492659982,1
07046,Medio,53.4321289661094,2
07047,Alto,52.5191148773229,1
07048,Medio,53.716152579478,2
07049,Alto,50.5089646729303,1
07050,Medio,52.6928205936953,2
07051,Medio,53.0837629810148,2
07052,Alto,49.1299085992887,1
07053,Alto,52.5462404399952,2
07054,Alto,52.3810255780799,2
07055,Medio,53.7172061335794,2
07056,Muy alto,45.5708330998031,1
07057,Medio,53.0043935129513,2
07058,Alto,51.4857630626166,1
07059,Muy alto,47.0642589778532,1
07060,Alto,48.7983796549241,1
07061,Medio,52.7896289931032,2
07062,Alto,51.6489356841444,2
07063,Medio,54.564009802543,2
07064,Muy alto,40.8340559064578,4
07065,Medio,52.6741669326229,2
07066,Muy alto,45.4935597483737,1
07067,Alto,49.7245203468974,1
07068,Medio,53.8688979626885,2
07069,Alto,52.2159881034543,2
07070,Medio,52.9851964072576,2
07071,Alto,52.1712242149923,2
07072,Alto,50.3948368506767,1
07073,Alto,51.4744684222445,1
07074,Bajo,56.2836431212427,0
07075,Alto,50.0594556971995,1
07076,Alto,48.9361378462015,1
07077,Muy alto,48.0926829231702,1
07078,Bajo,55.8329040362097,0
07079,Medio,53.246705867343,2
07080,Alto,50.8504760253906,1
07081,Muy alto,48.6987056909843,1
07082,Muy alto,35.9017299159572,3
07083,Alto,51.8389002231647,1
07084,Alto,52.3585588020491,1
07085,Alto,52.4575014394617,2
07086,Medio,54.1829143338017,2
07087,Alto,51.2573346789155,1
07088,Alto,51.7437643596455,2
07089,Bajo,55.5116640419866,0
07090,Alto,51.8493451247474,1
07091,Bajo,54.6305559373357,2
07092,Alto,50.649014322504,1
07093,Alto,49.8303546585047,1
07094,Alto,50.0047965654837,1
07096,Muy alto,48.3404725600387,1
07097,Bajo,55.0724437277739,2
07098,Alto,49.5923052604024,1
07099,Alto,51.782928377283,2
07100,Muy alto,47.4784672250844,1
07101,Muy bajo,58.3458969364367,0
07102,Alto,52.2950494073419,4
07103,Alto,52.5582458193254,2
07104,Medio,52.9232601681887,2
07105,Medio,53.8027392757174,2
07106,Alto,50.853665914174,1
07107,Alto,51.1558305458545,1
07108,Medio,53.7093421570287,2
07109,Alto,49.1812077809565,1
07110,Alto,50.3962000959717,1
07111,Muy alto,46.9222208672218,1
07112,Muy alto,44.1093576214964,1
07113,Alto,49.4393330730197,1
07114,Alto,51.4193366673905,1
07115,Muy alto,48.6718646044325,1
07116,Alto,49.0872296767312,4
07117,Alto,50.9137510583727,1
07118,Alto,49.319821722491,1
07119,Muy alto,47.997792091263,1
07120,Alto,50.038163850557,1
07121,Alto,49.8625241675954,1
07122,Medio,53.5005063060139,2
07123,Medio,53.2020823971516,2
07124,Alto,51.2981525524098,1
07125,Alto,50.0151909816176,1
08001,Muy bajo,57.8792460709196,0
08002,Muy bajo,59.6189434907829,0
08003,Muy bajo,57.199977652043,0
08004,Muy bajo,59.7382969251766,0
08005,Muy bajo,57.103885926836,0
08006,Bajo,56.4884627618087,2
08007,Muy alto,37.0071329897794,3
08008,Muy alto,21.4066346942113,3
08009,Alto,51.0463984941947,2
08010,Muy bajo,57.6734348889874,0
08011,Muy bajo,59.1702578267324,0
08012,Muy alto,36.2118547830645,3
08013,Muy bajo,57.3475230143538,0
08014,Bajo,56.5218322717029,2
08015,Bajo,55.9134308710109,2
08016,Muy bajo,57.2047721222766,0
08017,Muy bajo,59.7550793825456,0
08018,Bajo,55.5399045676485,2
08019,Muy bajo,61.1241347126691,0
08020,Muy alto,46.9759049848856,3
08021,Muy bajo,59.8239321190413,0
08022,Bajo,55.1876973474337,2
08023,Bajo,56.0690248832298,2
08024,Muy bajo,57.73560443975,0
08025,Muy bajo,57.0518593120914,2
08026,Bajo,56.1824495534136,2
08027,Muy alto,40.5223159301178,3
08028,Bajo,56.2443673197374,2
08029,Muy alto,39.3476294612872,3
08030,Muy alto,45.9632185719232,3
08031,Bajo,55.9626734119232,2
08032,Muy bajo,59.787543846929,0
08033,Bajo,56.1289051917859,2
08034,Muy bajo,56.6376640852616,2
08035,Bajo,55.7900940274089,2
08036,Muy bajo,58.8406142114328,0
08037,Muy bajo,59.0676837282585,0
08038,Muy bajo,57.1009447936851,2
08039,Muy bajo,56.6285335688641,2
08040,Muy bajo,57.308730023454,0
08041,Muy alto,43.8861029969325,3
08042,Bajo,54.9020494158249,2
08043,Bajo,56.3693172154256,2
08044,Bajo,56.5311710069503,2
08045,Muy bajo,58.5300430129362,0
08046,Muy alto,39.5596311496211,3
08047,Medio,52.8473147515901,2
08048,Muy bajo,57.3583167051025,0
08049,Alto,49.1095128896613,2
08050,Muy bajo,59.7135984544129,0
08051,Medio,53.6372905228771,2
08052,Muy bajo,58.592368680844,0
08053,Bajo,56.1029084642484,2
08054,Muy bajo,57.3957015514393,2
08055,Muy bajo,57.7002206334115,0
08056,Bajo,55.0714721618796,2
08057,Medio,53.8065434665338,2
08058,Muy bajo,57.522137155796,0
08059,Muy bajo,57.9758583067828,0
08060,Muy bajo,59.0695487231787,0
08061,Bajo,56.3293489861721,2
08062,Muy bajo,58.2701677860254,0
08063,Medio,53.9090226568948,2
08064,Bajo,55.0102836569811,2
08065,Muy alto,36.7851601354547,3
08066,Muy alto,41.6391520113259,3
08067,Bajo,56.0284819036415,2
09002,Muy bajo,60.637957252589,0
09003,Muy bajo,60.8769530595478,0
09004,Muy bajo,60.4421617230741,0
09005,Muy bajo,60.0921224607171,0
09006,Muy bajo,60.4422454901315,0
09007,Muy bajo,59.5445475030509,0
09008,Muy bajo,59.6833405260121,0
09009,Muy bajo,57.2813027602769,0
09010,Muy bajo,60.4870520786772,0
09011,Muy bajo,59.325104804355,0
09012,Muy bajo,59.5683005202987,0
09013,Muy bajo,58.5571719595363,0
09014,Muy bajo,62.3971454880912,0
09015,Muy bajo,61.3285335133283,0
09016,Muy bajo,61.2214578697982,0
09017,Muy bajo,60.3845963564287,0
10001,Muy bajo,56.6960494329267,0
10002,Alto,50.8021460659875,1
10003,Bajo,55.3986423304642,2
10004,Muy bajo,56.9816697852868,0
10005,Muy bajo,59.5910145755833,0
10006,Medio,54.341867581474,2
10007,Muy bajo,59.2730388873649,0
10008,Muy bajo,57.895155666715,0
10009,Medio,52.9964160469859,2
10010,Muy bajo,56.6751793788539,2
10011,Bajo,55.6061648400237,2
10012,Muy bajo,58.8038790671402,0
10013,Muy bajo,56.7490494471011,0
10014,Muy alto,28.2229952282718,3
10015,Bajo,55.8717551228194,2
10016,Muy bajo,56.885686159889,0
10017,Bajo,55.5609313837748,2
10018,Muy bajo,57.9369748090193,0
10019,Alto,50.5858068355353,2
10020,Muy bajo,57.3430224858356,0
10021,Muy bajo,56.7246617952508,0
10022,Muy bajo,57.3596245514937,0
10023,Alto,51.5504064424081,2
10024,Muy bajo,56.9146939292816,0
10025,Bajo,55.0338068365764,2
10026,Bajo,54.9460377012624,0
10027,Alto,52.2075436392665,2
10028,Muy bajo,56.5545756981802,2
10029,Bajo,55.8256287374821,2
10030,Bajo,55.7312859224862,2
10031,Bajo,55.7855929243672,2
10032,Bajo,56.4002460342517,0
10033,Medio,53.5585706988264,2
10034,Muy alto,47.0905774506537,3
10035,Medio,54.1944274563485,2
10036,Muy bajo,57.0767291965583,0
10037,Alto,51.8223254394095,2
10038,Muy bajo,58.469883553421,0
10039,Muy bajo,57.3614835396817,0
11001,Bajo,55.5402606919792,2
11002,Muy bajo,56.9612217570423,0
11003,Bajo,56.201217751103,0
11004,Muy bajo,56.7235853688555,0
11005,Muy bajo,57.409175625332,0
11006,Alto,49.6157618202359,4
11007,Muy bajo,58.8389938098381,0
11008,Bajo,55.7576546289023,2
11009,Medio,54.1045646023985,2
11010,Bajo,55.4795869955235,2
11011,Muy bajo,57.5912510275716,0
11012,Bajo,56.2000969935609,2
11013,Bajo,55.5459682282103,2
11014,Bajo,55.0125571352096,2
11015,Muy bajo,58.5616972804428,0
11016,Bajo,56.1618594066586,2
11017,Muy bajo,58.7609194025885,0
11018,Muy bajo,56.9345416463024,0
11019,Medio,53.9809899283802,2
11020,Muy bajo,59.0793372109962,0
11021,Muy bajo,58.3975353685313,0
11022,Bajo,54.7694574195741,2
11023,Bajo,55.2419593139735,2
11024,Bajo,55.7310473337048,2
11025,Muy bajo,57.4725524094044,0
11026,Bajo,56.0025333976943,2
11027,Muy bajo,58.3158092065983,0
11028,Muy bajo,56.6436237406066,0
11029,Medio,53.4163093212806,2
11030,Medio,53.9971522493502,2
11031,Muy bajo,57.6617426611668,0
11032,Muy bajo,57.2411850613912,0
11033,Bajo,55.0984879479621,0
11034,Medio,53.463378937803,2
11035,Bajo,56.1745084950172,0
11036,Bajo,55.6898140782752,2
11037,Muy bajo,56.9524941709445,0
11038,Muy bajo,56.6384969619746,2
11039,Bajo,56.1138010965813,2
11040,Alto,52.5499917148746,2
11041,Muy bajo,57.7259982373562,0
11042,Bajo,56.2909819677847,2
11043,Medio,53.004785386498,2
11044,Muy bajo,57.7476757905276,0
11045,Alto,51.4984381356938,2
11046,Bajo,55.54535694064,2
12001,Bajo,56.4365962739593,0
12002,Muy alto,45.2767029499794,1
12003,Muy alto,48.200120627665,1
12004,Muy alto,44.2220999658423,1
12005,Medio,52.8246988915791,2
12006,Alto,52.2489378040438,2
12007,Medio,53.7957024788327,2
12008,Alto,49.298446956923,4
12009,Muy alto,42.5238805337985,3
12010,Muy alto,44.3202127135831,1
12011,Medio,53.5449486798105,2
12012,Muy alto,45.9408493832503,3
12013,Alto,49.8393979076159,4
12014,Bajo,55.3964710554366,2
12015,Bajo,55.9209097976551,2
12016,Muy alto,43.0943701858677,3
12017,Medio,52.7122284399439,2
12018,Alto,52.0269598671923,2
12019,Muy alto,40.4725102368328,4
12020,Muy alto,42.2605597061693,3
12021,Alto,52.2596397043313,2
12022,Alto,49.1333331474592,1
12023,Alto,51.7467112006845,2
12024,Alto,50.1261389887712,1
12025,Muy alto,47.3225577892906,4
12026,Muy alto,45.8130475564146,4
12027,Alto,50.5348241107247,1
12028,Muy alto,47.4357642894414,1
12029,Bajo,56.4592257608969,0
12030,Alto,51.5955507312618,2
12031,Muy alto,48.0118326224054,1
12032,Muy alto,45.6698752615873,1
12033,Medio,53.6505222551009,2
12034,Alto,51.2365191744536,4
12035,Bajo,55.7895844043228,0
12036,Muy alto,48.7133160121417,1
12037,Alto,52.1177767047208,2
12038,Muy bajo,56.748029274377,0
12039,Medio,53.5118846330154,2
12040,Alto,51.1519552152027,1
12041,Muy alto,45.3324507124554,3
12042,Muy alto,48.5815374007268,1
12043,Muy alto,42.351004192881,3
12044,Medio,53.0826918075022,2
12045,Muy alto,43.860879970178,4
12046,Alto,50.4400899870696,2
12047,Muy alto,42.996757331168,3
12048,Medio,54.4120445052535,2
12049,Medio,54.2025780406098,2
12050,Bajo,55.5566947257302,0
12051,Alto,49.32904025856,1
12052,Muy alto,43.0320666710239,3
12053,Alto,49.7522681067576,2
12054,Muy alto,43.5195868494238,3
12055,Medio,54.4861630706619,2
12056,Alto,48.73583770698,1
12057,Medio,53.3607669708077,2
12058,Alto,51.8347732008869,2
12059,Alto,50.4575567817469,1
12060,Alto,51.6791406842709,2
12061,Alto,52.095926363026,4
12062,Muy alto,42.9498142939214,3
12063,Muy alto,43.2358146617746,3
12064,Alto,52.4707007156309,2
12065,Muy alto,48.2294089607467,4
12066,Alto,51.9549092132451,1
12067,Alto,52.5353641127522,2
12068,Alto,52.0026121875048,2
12069,Muy alto,42.7092379669983,4
12070,Alto,51.7109989395778,1
12071,Muy alto,44.9632422882057,1
12072,Muy alto,45.4486528432519,1
12073,Alto,49.271698445831,1
12074,Muy alto,47.115809033987,4
12075,Medio,53.0690125736696,2
12076,Muy alto,42.3290468222848,3
12077,Alto,52.3105065634206,2
12078,Muy alto,32.2054405826744,3
12079,Muy alto,40.1205824124184,3
12080,Muy alto,48.4807047866643,4
12081,Muy alto,46.8394099050317,1
13001,Medio,53.8667099373994,2
13002,Alto,50.6464687985813,1
13003,Muy bajo,57.3824185084775,0
13004,Medio,53.4299811637465,2
13005,Muy bajo,57.0553962398985,0
13006,Medio,54.2353758181073,2
13007,Bajo,56.2583067597882,0
13008,Muy bajo,57.7474115064364,0
13009,Bajo,55.6060620630837,2
13010,Muy bajo,59.1898792480148,0
13011,Medio,52.7269551593486,2
13012,Bajo,54.7205438694626,2
13013,Muy bajo,59.0628086224216,0
13014,Medio,52.8849880758851,2
13015,Bajo,54.743631621877,2
13016,Bajo,54.9794018094685,2
13017,Medio,53.4654740381378,2
13018,Medio,53.1936148046156,2
13019,Bajo,54.8618890064786,2
13020,Medio,54.4948652303664,2
13021,Muy bajo,58.1525533355708,0
13022,Bajo,56.3274528646033,2
13023,Muy bajo,57.8573744796732,0
13024,Bajo,54.6416434661284,2
13025,Alto,50.7155578441141,4
13026,Alto,52.3888573389123,2
13027,Alto,48.8437651288761,4
13028,Medio,53.658295429392,2
13029,Bajo,56.0543571778057,2
13030,Bajo,56.5373323275692,0
13031,Medio,53.9656350750003,2
13032,Medio,53.3225471763921,2
13033,Medio,54.5171478419509,2
13034,Alto,52.3812068237934,2
13035,Bajo,54.9242779150512,2
13036,Bajo,55.2252338641373,2
13037,Medio,52.9106964158457,2
13038,Medio,53.8717747931378,2
13039,Muy bajo,57.2927515539903,0
13040,Alto,50.0579309274686,4
13041,Muy bajo,57.9806274191608,0
13042,Bajo,54.6963513866792,2
13043,Medio,53.6354238240691,2
13044,Medio,54.1033824954232,2
13045,Bajo,55.3892166322047,2
13046,Medio,52.8044712447808,2
13047,Alto,50.1399144054841,4
13048,Muy bajo,59.9239208918057,0
13049,Alto,52.6225794054406,2
13050,Muy bajo,58.4050711710475,0
13051,Muy bajo,59.8923618649699,0
13052,Muy bajo,56.7557695444204,0
13053,Muy alto,48.6917271382493,1
13054,Bajo,56.4194329487375,2
13055,Bajo,55.4493166716119,2
13056,Muy bajo,57.5532000541543,0
13057,Bajo,54.7241840438598,2
13058,Bajo,54.8078096481028,2
13059,Medio,54.5508107864517,2
13060,Medio,53.263527658287,2
13061,Muy bajo,59.1760171326859,0
13062,Alto,48.8791422979532,4
13063,Muy bajo,57.3885068059967,0
13064,Bajo,55.7767683218919,2
13065,Muy bajo,58.1302303404046,0
13066,Muy bajo,57.7164410401393,0
13067,Muy bajo,57.0545075052865,0
13068,Alto,50.1799333412537,1
13069,Muy bajo,59.4173310959409,0
13070,Muy bajo,57.5885857984551,0
13071,Alto,51.2630569211976,2
13072,Muy bajo,58.7598955640261,0
13073,Medio,52.873803942599,2
13074,Muy bajo,58.3417799660763,0
13075,Muy bajo,57.993431264,0
13076,Muy bajo,58.4276960546106,0
13077,Muy bajo,58.0695656770432,0
13078,Muy alto,48.693750132664,1
13079,Bajo,54.7350140076077,2
13080,Alto,48.8626706488855,4
13081,Bajo,56.5403864793947,0
13082,Muy bajo,57.8572152914156,0
13083,Muy bajo,58.5100221301433,0
13084,Bajo,55.9023554986788,0
14001,Muy bajo,56.8976906563699,0
14002,Muy bajo,58.7390304017307,0
14003,Muy bajo,59.1647776340978,0
14004,Bajo,56.3817464491134,2
14005,Muy bajo,58.2852514149864,0
14006,Muy bajo,58.3850413147151,0
14007,Muy bajo,57.9549402790243,0
14008,Muy bajo,57.9494689342465,0
14009,Muy bajo,58.793772716188,0
14010,Bajo,56.186967637558,0
14011,Bajo,54.6486400613693,2
14012,Muy bajo,57.5300838859949,0
14013,Muy bajo,58.192501513986,0
14014,Bajo,56.2831263917451,2
14015,Muy bajo,58.6789279598896,0
14016,Bajo,56.5231794872051,2
14017,Muy bajo,57.3527331443888,0
14018,Muy bajo,57.6883100108335,0
14019,Muy alto,41.1824696936993,3
14020,Bajo,54.9283691215401,2
14021,Muy bajo,57.5324544784367,0
14022,Muy bajo,57.2619110540223,0
14023,Muy bajo,59.9441552048355,0
14024,Muy bajo,57.8695963384277,0
14025,Muy bajo,58.3835945582496,0
14026,Muy bajo,58.0194070999676,0
14027,Alto,49.6395203501102,1
14028,Bajo,55.9206484653493,2
14029,Bajo,55.895252008151,2
14030,Muy bajo,59.0080061263008,0
14031,Alto,49.6121121567291,2
14032,Bajo,55.1020742789416,2
14033,Muy bajo,56.9801420466151,0
14034,Muy bajo,56.6053400806101,2
14035,Muy bajo,57.3853356938327,0
14036,Muy bajo,58.7912743363854,0
14037,Muy bajo,58.650684268875,0
14038,Bajo,55.7832171221202,2
14039,Muy bajo,60.7642604388961,0
14040,Bajo,55.1287492832085,2
14041,Bajo,56.41309984568,2
14042,Medio,54.5872290457939,2
14043,Muy bajo,56.7307347344086,0
14044,Muy bajo,58.1843604514573,0
14045,Bajo,56.4021063349792,2
14046,Muy bajo,58.2101957226458,0
14047,Muy bajo,57.690577793034,0
14048,Bajo,56.1135908102014,2
14049,Medio,53.7635807841454,2
14050,Muy bajo,57.5185138592717,0
14051,Muy bajo,59.408009890115,0
14052,Bajo,56.2586268931912,2
14053,Muy bajo,57.7071595290716,0
14054,Muy bajo,57.1860330566606,0
14055,Muy bajo,58.2058392980785,0
14056,Alto,50.6407720750318,2
14057,Muy bajo,57.3915315528247,0
14058,Muy bajo,58.2255869608959,0
14059,Muy bajo,57.8239662753763,0
14060,Bajo,56.0956584960145,2
14061,Muy alto,31.3056684364792,3
14062,Bajo,56.3081326261795,2
14063,Muy bajo,58.7587782029387,0
14064,Bajo,55.984986616106,0
14065,Bajo,56.3239905529311,0
14066,Bajo,56.4942336993815,0
14067,Muy bajo,59.7578031009193,0
14068,Bajo,56.0086274912701,0
14069,Medio,54.2105750843677,2
14070,Muy bajo,58.6380879319378,0
14071,Medio,54.382333089295,2
14072,Muy bajo,57.4509303493604,0
14073,Muy bajo,58.2880559875209,0
14074,Muy bajo,58.2926065820289,0
14075,Muy bajo,56.8271336684126,0
14076,Medio,53.3819718255399,2
14077,Muy bajo,57.5220420237496,0
14078,Muy bajo,57.623208743836,0
14079,Muy bajo,57.3301783256163,0
14080,Bajo,55.3418818201936,2
14081,Bajo,55.1148062210707,2
14082,Muy bajo,58.7429088079545,0
14083,Muy bajo,58.5579720860281,0
14084,Muy bajo,57.0865752530436,0
14085,Muy bajo,57.512424140821,0
14086,Muy bajo,56.5667974647515,0
14087,Muy bajo,56.9507872280508,0
14088,Muy bajo,57.8511448403694,0
14089,Bajo,55.9364394093109,2
14090,Muy bajo,56.9529360653482,2
14091,Muy bajo,57.1148795594554,0
14092,Bajo,56.0448422210952,2
14093,Muy bajo,59.1237133258666,0
14094,Muy bajo,57.9676593594859,0
14095,Muy bajo,57.3013674111292,0
14096,Muy bajo,57.0152420497042,0
14097,Muy bajo,59.9504294537918,0
14098,Muy bajo,60.0936135138161,0
14099,Medio,54.0856193248939,2
14100,Bajo,55.2807861176981,2
14101,Muy bajo,59.6390450844693,0
14102,Muy bajo,56.7078140746701,2
14103,Muy bajo,56.6318364929324,2
14104,Bajo,55.6579100639381,2
14105,Muy bajo,57.8106105633017,0
14106,Bajo,54.6741648285152,2
14107,Bajo,56.2111456884431,2
14108,Muy bajo,57.9724592480987,0
14109,Bajo,55.7614463904937,2
14110,Muy bajo,58.4865609129276,0
14111,Muy bajo,57.2541336081359,0
14112,Bajo,56.2892011058668,2
14113,Bajo,56.2676647535904,0
14114,Muy bajo,57.4551970641766,0
14115,Medio,53.1203941707621,2
14116,Muy bajo,57.6087678929162,0
14117,Bajo,55.8449830188748,2
14118,Muy bajo,57.4565186639166,0
14119,Muy bajo,57.3808090186902,0
14120,Muy bajo,60.7295228613102,0
14121,Muy bajo,58.4852367080425,0
14122,Medio,53.6408216428189,2
14123,Bajo,55.6755413433868,2
14124,Muy bajo,57.1799967156272,0
14125,Muy bajo,57.5154870793624,0
15001,Medio,52.7750350397093,2
15002,Muy bajo,58.3893321583535,0
15003,Medio,52.8398605360553,2
15004,Medio,54.0692949876164,2
15005,Bajo,55.0208093575604,2
15006,Muy bajo,57.9947011427992,0
15007,Medio,53.5385848546041,2
15008,Medio,52.7637158822957,2
15009,Muy bajo,57.8710471579132,0
15010,Muy bajo,58.0617527169983,0
15011,Muy bajo,56.987059155138,0
15012,Muy bajo,57.1814782074509,0
15013,Muy bajo,60.0444486219667,0
15014,Bajo,56.2588100892081,0
15015,Bajo,55.5118857552817,2
15016,Bajo,56.316356242488,2
15017,Muy bajo,56.7473588228833,0
15018,Muy bajo,58.3860933939114,0
15019,Muy bajo,58.7882143366636,0
15020,Muy bajo,60.9474221057646,0
15021,Medio,53.8645161498103,2
15022,Muy bajo,57.7209686239134,0
15023,Muy bajo,58.455142130742,0
15024,Muy bajo,60.4532758786705,0
15025,Muy bajo,57.8421149495718,0
15026,Medio,54.4480212259194,2
15027,Muy bajo,58.6309456024267,0
15028,Muy bajo,57.6703008675651,0
15029,Muy bajo,58.9428380369801,0
15030,Muy bajo,58.4280052369662,0
15031,Muy bajo,57.8019731893664,0
15032,Alto,51.3089834194411,2
15033,Muy bajo,59.5106884993079,0
15034,Bajo,56.2483861797893,0
15035,Muy bajo,59.1562287026604,0
15036,Muy bajo,56.8907355104959,0
15037,Muy bajo,59.1984328386694,0
15038,Bajo,56.2872796236821,2
15039,Muy bajo,58.9256262064893,0
15040,Bajo,56.3260722540851,0
15041,Alto,52.0516377992046,2
15042,Bajo,55.2078652199439,2
15043,Muy bajo,56.7539379499164,0
15044,Muy bajo,59.7375364167683,0
15045,Bajo,55.0822462011482,2
15046,Muy bajo,56.5783783767566,0
15047,Bajo,54.7573328375386,2
15048,Bajo,56.4647966957885,0
15049,Bajo,55.6149598163669,2
15050,Muy bajo,57.0456403746941,0
15051,Muy bajo,59.3077941296522,0
15052,Bajo,54.637655843971,2
15053,Muy bajo,58.6452834522869,0
15054,Muy bajo,60.4466812707242,0
15055,Muy bajo,58.8696477501044,0
15056,Alto,51.6659987825431,2
15057,Muy bajo,59.5112241221154,0
15058,Muy bajo,59.4154480130066,0
15059,Muy bajo,58.3600958496088,0
15060,Muy bajo,58.6036528944795,0
15061,Muy bajo,56.8356593550787,0
15062,Muy bajo,58.6971613524029,0
15063,Bajo,54.6187612306828,2
15064,Bajo,54.8532153000352,2
15065,Muy bajo,56.9895755168096,0
15066,Medio,54.0222446615773,2
15067,Muy bajo,56.7050122684209,0
15068,Bajo,56.085230128654,0
15069,Muy bajo,57.8103765235517,0
15070,Muy bajo,57.4383444491744,0
15071,Bajo,56.0249551539035,2
15072,Muy bajo,58.2675633844705,0
15073,Muy bajo,59.7193742662461,0
15074,Alto,52.2588255953042,2
15075,Muy bajo,57.7114697877946,0
15076,Muy bajo,58.9621005848408,0
15077,Medio,53.8550805696197,2
15078,Bajo,54.9656106906239,2
15079,Bajo,55.7048560989425,0
15080,Alto,51.6389489230125,2
15081,Muy bajo,60.1165617134056,0
15082,Medio,54.033257350005,2
15083,Muy bajo,56.9616908510154,0
15084,Muy bajo,56.8659783014653,0
15085,Bajo,54.6960360215221,2
15086,Medio,52.9101554133334,2
15087,Bajo,55.6308545631773,2
15088,Bajo,56.3096708080365,0
15089,Muy bajo,57.6397975884192,0
15090,Muy bajo,56.7073643694487,0
15091,Muy bajo,58.8909145602834,0
15092,Muy bajo,58.2626334105002,0
15093,Muy bajo,57.1654846883447,0
15094,Bajo,56.3165283563294,0
15095,Muy bajo,58.1570885980362,0
15096,Muy bajo,58.5875685555793,0
15097,Medio,53.5437211461746,2
15098,Muy bajo,58.6034447832486,0
15099,Muy bajo,57.6734713635661,0
15100,Bajo,55.8593612094664,0
15101,Muy bajo,57.0256828517235,0
15102,Bajo,55.5768463252931,2
15103,Muy bajo,59.0269357545096,0
15104,Muy bajo,60.0298154572752,0
15105,Alto,52.1900800672599,2
15106,Muy bajo,59.2839719834847,0
15107,Muy bajo,57.0838983356463,0
15108,Muy bajo,59.7177324368111,0
15109,Muy bajo,59.9872455123799,0
15110,Muy bajo,56.8107855470385,0
15111,Alto,52.5274688610171,2
15112,Medio,53.6074728043998,2
15113,Medio,54.2232743522467,2
15114,Alto,50.4215142696938,2
15115,Muy bajo,58.1416849347648,0
15116,Bajo,55.5199407529248,2
15117,Alto,49.69306767009,2
15118,Muy bajo,58.3289806504099,0
15119,Alto,52.2106690237787,2
15120,Muy bajo,58.5428109545988,0
15121,Muy bajo,60.6330017215897,0
15122,Muy bajo,57.842075197698,0
15123,Alto,51.4452145772518,2
15124,Alto,51.3136757810849,2
15125,Muy bajo,58.0334425267733,0
16001,Bajo,55.5208332560494,2
16002,Medio,54.4348356055634,2
16003,Bajo,56.1158987511239,2
16004,Bajo,55.3719219297881,2
16005,Bajo,54.7175607291958,2
16006,Bajo,56.2239695713675,0
16007,Medio,54.1394548649169,2
16008,Muy alto,45.8029235033452,3
16009,Bajo,56.1161324946162,0
16010,Medio,54.3086513354042,2
16011,Bajo,56.1030893074492,2
16012,Medio,54.5733475130326,2
16013,Alto,52.0859439168709,2
16014,Bajo,55.4922993564759,2
16015,Bajo,55.0523571202414,2
16016,Medio,54.3965679715301,2
16017,Medio,53.7837857127363,2
16018,Bajo,54.9168003125041,2
16019,Bajo,56.5040598607912,0
16020,Bajo,55.4465030805843,2
16021,Alto,49.7210255264174,4
16022,Bajo,55.4545219728321,2
16023,Bajo,56.1907594320442,2
16024,Medio,54.522100470383,2
16025,Medio,54.1673981306571,2
16026,Medio,52.6845548614317,2
16027,Medio,53.0979527872902,2
16028,Bajo,56.1250554840738,2
16029,Alto,50.2026295240015,1
16030,Bajo,55.0513164689742,2
16031,Medio,54.1069094021507,2
16032,Bajo,54.9513810967818,2
16033,Bajo,55.554996717429,2
16034,Bajo,55.7161615923254,2
16035,Medio,53.0841076746778,2
16036,Bajo,56.5076200133437,2
16037,Medio,54.3165695782266,2
16038,Medio,54.1138169169195,2
16039,Bajo,55.5738548543853,2
16040,Bajo,54.7452629609255,2
16041,Medio,54.1609900707135,2
16042,Bajo,55.2016207148845,2
16043,Muy bajo,57.2443166684179,0
16044,Bajo,55.2772616698879,2
16045,Muy bajo,57.5414570062574,0
16046,Medio,54.2766564374441,2
16047,Bajo,54.8261275467996,2
16048,Bajo,54.8630144847708,2
16049,Alto,52.08992382041,2
16050,Bajo,55.1878311554661,2
16051,Muy bajo,58.7936730414104,0
16052,Muy bajo,58.5704777395138,0
16053,Muy bajo,59.3944378250976,0
16054,Bajo,54.6421978559205,2
16055,Bajo,55.521034975099,0
16056,Alto,52.1288602183374,1
16057,Alto,50.6171391980445,2
16058,Muy bajo,57.3236910088425,0
16059,Medio,54.3380688688435,2
16060,Bajo,55.4871855410346,2
16061,Medio,53.6838880176803,2
16062,Bajo,55.3950634417834,2
16063,Bajo,55.1031659080392,2
16064,Medio,54.0615146534101,2
16065,Medio,54.1371733923324,2
16066,Muy bajo,56.7188892104449,0
16067,Bajo,54.8867932882303,2
16068,Muy bajo,57.3084270374388,0
16069,Muy bajo,58.2799022326766,0
16070,Muy bajo,57.7734164944307,0
16071,Bajo,56.1135345519464,2
16072,Bajo,55.8600085888221,2
16073,Bajo,55.3159955022962,2
16074,Bajo,56.2208238524918,2
16075,Bajo,55.8296249599325,0
16076,Muy bajo,57.8040980680807,0
16077,Alto,51.9636423498246,2
16078,Bajo,55.9891267666508,2
16079,Bajo,54.7056721893059,2
16080,Medio,53.9194023375889,2
16081,Alto,50.2818045098911,1
16082,Bajo,56.2759492599652,0
16083,Bajo,55.9180696016468,0
16084,Medio,54.2513248442696,2
16085,Bajo,55.2643211761604,2
16086,Muy bajo,56.8193987991662,0
16087,Muy bajo,56.6534560818137,0
16088,Muy bajo,57.8355474082491,0
16089,Bajo,56.4405324427355,0
16090,Bajo,56.2074394192865,0
16091,Muy bajo,56.896149072051,0
16092,Alto,50.4110654756438,1
16093,Medio,53.2808423535473,2
16094,Bajo,54.6605429720598,2
16095,Bajo,56.1137722418496,0
16096,Alto,51.9390523450763,2
16097,Alto,51.7136160943774,2
16098,Bajo,54.9490922131266,2
16099,Alto,51.9060997469425,2
16100,Medio,54.35921924879,2
16101,Alto,48.781870097246,1
16102,Muy bajo,58.3570321766065,0
16103,Bajo,56.2651132511765,2
16104,Bajo,54.6564283252631,2
16105,Muy bajo,56.6624752994663,0
16106,Bajo,56.3826286444353,2
16107,Muy bajo,57.6541687032487,0
16108,Muy bajo,57.8827980507358,0
16109,Bajo,56.0782728068268,2
16110,Bajo,55.8575084383995,2
16111,Bajo,55.744150794406,2
16112,Bajo,56.199890625095,0
16113,Bajo,55.6952749999113,2
17001,Bajo,55.5938630597967,2
17002,Bajo,54.9390370623568,2
17003,Medio,54.3530576543147,2
17004,Bajo,55.5629529988975,2
17005,Bajo,55.1114422959897,2
17006,Muy bajo,57.9580385580829,0
17007,Muy bajo,59.8665562109064,0
17008,Muy bajo,58.7152993650159,0
17009,Bajo,55.9324009093389,0
17010,Bajo,55.7685412410388,0
17011,Muy bajo,59.2033181473043,0
17012,Muy bajo,57.6666492097488,0
17013,Bajo,56.1381289761248,2
17014,Bajo,55.9424011163551,2
17015,Muy bajo,56.5617138008141,0
17016,Bajo,55.272686546171,2
17017,Muy bajo,56.7295573982754,0
17018,Muy bajo,57.6801965323474,0
17019,Bajo,55.0676136184833,2
17020,Bajo,55.8013241636197,0
17021,Bajo,55.9889657770181,2
17022,Bajo,56.417741353284,0
17023,Medio,52.7432378319901,4
17024,Bajo,56.4150412871134,0
17025,Bajo,56.3191714903408,0
17026,Bajo,55.389973766087,2
17027,Medio,52.9232765906559,4
17028,Muy bajo,57.0851818212047,0
17029,Muy bajo,57.0586872662098,0
17030,Bajo,55.8864974298262,0
17031,Muy bajo,58.8472052044298,0
17032,Muy bajo,57.0924123849299,0
17033,Bajo,55.5609322725122,2
17034,Medio,53.3693711847824,2
17035,Medio,54.0726502137528,2
17036,Bajo,55.4327259116483,2
18001,Bajo,56.165745740119,0
18002,Muy bajo,57.7746965284034,0
18003,Muy bajo,56.8523963832021,0
18004,Muy bajo,57.8620063955865,0
18005,Muy alto,42.2200364320564,3
18006,Muy bajo,58.6716456142859,0
18007,Bajo,55.3940101245822,2
18008,Muy bajo,59.4733172465226,0
18009,Muy alto,28.6701418337889,3
18010,Bajo,54.7731710810543,2
18011,Medio,54.510692957507,2
18012,Muy bajo,56.5786284653895,0
18013,Muy bajo,56.9067881999424,0
18014,Bajo,55.6729153793905,2
18015,Bajo,56.2647291568377,0
18016,Muy bajo,56.6217048398928,0
18017,Muy bajo,59.7486066662693,0
18018,Muy bajo,57.5716189405415,0
18019,Muy alto,44.530128008145,3
18020,Muy bajo,59.2065953930185,0
19001,Muy bajo,57.8922147023813,0
19002,Muy bajo,56.8913155547347,0
19003,Bajo,56.5281380197767,2
19004,Muy bajo,60.0097557224487,0
19005,Muy bajo,57.1751867771236,0
19006,Muy bajo,61.3158744625493,0
19007,Medio,53.296098088029,2
19008,Muy bajo,56.6006742074039,2
19009,Muy bajo,59.767262390742,0
19010,Muy bajo,60.1044131726998,0
19011,Muy bajo,58.6900188399041,0
19012,Muy bajo,59.9217571493614,0
19013,Muy bajo,57.6166377237497,0
19014,Alto,52.5439331621611,4
19015,Bajo,56.2347007194277,2
19016,Bajo,56.4874196311441,0
19017,Medio,54.5057656132915,2
19018,Muy bajo,60.543075032281,0
19019,Muy bajo,61.8455481380873,0
19020,Bajo,56.4888154858245,0
19021,Muy bajo,60.5509876000487,0
19022,Muy bajo,57.4049844553771,0
19023,Muy bajo,57.3486740036643,0
19024,Alto,51.2709062520955,4
19025,Muy bajo,60.2088128359033,0
19026,Muy bajo,60.8387938850653,0
19027,Bajo,56.3835891175231,2
19028,Bajo,56.3506364625816,0
19029,Muy bajo,58.582075385999,0
19030,Bajo,54.635254326208,2
19031,Muy bajo,60.5213603751719,0
19032,Muy bajo,58.3003119506381,0
19033,Muy bajo,58.558022896057,0
19034,Muy bajo,57.4302787463471,0
19035,Muy bajo,57.6715004535845,0
19036,Alto,51.5321109691824,2
19037,Muy bajo,57.6908332769658,0
19038,Muy bajo,59.3540013320125,0
19039,Muy bajo,60.8656861715213,0
19040,Muy bajo,57.3372711605445,0
19041,Muy bajo,59.9509701172737,0
19042,Muy bajo,56.7572397960533,0
19043,Medio,53.3936582609935,2
19044,Muy bajo,59.4284903205512,0
19045,Muy bajo,59.9372261452636,0
19046,Muy bajo,61.4183833011539,0
19047,Muy bajo,59.7832048523983,0
19048,Muy bajo,60.716763289923,0
19049,Muy bajo,60.0346286701757,0
19050,Bajo,56.1667834594014,2
19051,Muy bajo,56.8595408974011,2
20001,Alto,52.0519309696566,1
20002,Medio,52.9517543076979,2
20003,Alto,49.9452112764873,1
20004,Medio,54.5721862280029,2
20005,Bajo,56.0071673204713,0
20006,Medio,54.4235055062135,0
20007,Muy alto,46.2793385733478,1
20008,Medio,52.9604097461335,2
20009,Alto,52.363232373329,2
20010,Bajo,56.3840902019967,2
20011,Alto,49.4330332422244,1
20012,Muy alto,46.4378539508505,1
20013,Bajo,55.1931427584009,2
20014,Muy bajo,57.5381281435036,0
20015,Muy alto,46.8164476004183,1
20016,Muy alto,42.7035649065283,1
20017,Alto,49.5829310975747,1
20018,Alto,52.2675794930567,2
20019,Alto,51.3476181462567,1
20020,Alto,49.4834304538451,1
20021,Medio,54.5627964611284,2
20022,Medio,53.5573084083406,2
20023,Alto,52.2434812009097,4
20024,Alto,49.1341171361685,1
20025,Medio,53.6924403727217,2
20026,Alto,52.2214633481974,2
20027,Alto,49.0854309662761,1
20028,Alto,51.7203855917761,1
20029,Muy alto,47.9189906835789,1
20030,Muy bajo,58.9714012676972,0
20031,Alto,50.8077075578229,1
20032,Alto,49.7147578829851,4
20033,Muy bajo,57.039077308998,0
20034,Medio,53.5983944392237,2
20035,Muy bajo,58.3074890662247,0
20036,Alto,51.4617247633691,1
20037,Alto,49.398571498117,1
20038,Alto,51.4303754229554,1
20039,Muy bajo,56.8521328652982,0
20040,Muy alto,43.5287807792635,4
20041,Muy alto,47.7315580287063,1
20042,Medio,54.4054205882527,2
20043,Bajo,56.3006741044853,0
20044,Bajo,55.2200491214133,2
20045,Muy bajo,57.450212015802,0
20046,Alto,52.2477761719831,2
20047,Bajo,55.36313447737,2
20048,Alto,49.1580545375327,1
20049,Alto,51.6503021314666,4
20050,Alto,49.561155262575,1
20051,Muy alto,44.7347354370376,4
20052,Medio,53.2211787067924,2
20053,Bajo,55.2606686539478,2
20054,Medio,53.8866753846931,2
20055,Medio,53.631643676255,2
20056,Alto,51.1777475639707,1
20057,Medio,54.5662482990294,2
20058,Muy alto,45.9454381527939,1
20059,Medio,53.8487919240351,2
20060,Alto,50.7016429442465,1
20061,Muy alto,48.1697305044766,1
20062,Bajo,55.6141811255855,2
20063,Muy bajo,56.8758399017886,0
20064,Medio,52.9341703715452,2
20065,Alto,49.8898988786068,1
20066,Medio,53.7049721755946,2
20067,Muy bajo,58.6802535451019,0
20068,Medio,53.7176072907667,0
20069,Alto,51.0443385174192,1
20070,Alto,51.2388780696729,1
20071,Alto,48.9623664960151,1
20072,Alto,50.7456443679553,4
20073,Medio,53.7122986438932,2
20074,Medio,53.9709881759041,2
20075,Bajo,54.7239925437443,2
20076,Medio,53.0221582544358,2
20077,Bajo,54.7552363824369,2
20078,Bajo,56.3340682489814,2
20079,Muy bajo,57.4234987738464,0
20080,Alto,50.7699913151665,1
20081,Alto,51.1694163495146,1
20082,Alto,51.9709118474639,1
20083,Muy bajo,57.4191093230082,0
20084,Muy bajo,57.7558189861148,0
20085,Muy alto,45.6364988947621,1
20086,Alto,52.1562937600981,2
20087,Alto,51.6854796929552,4
20088,Alto,50.4378716663702,1
20089,Medio,53.7912024038994,2
20090,Alto,50.214059158291,4
20091,Muy bajo,59.6069046409014,0
20092,Medio,53.8980277956531,2
20093,Medio,54.3316861075621,2
20094,Medio,52.946088571782,2
20095,Alto,48.7904353620807,1
20096,Bajo,55.7596518882316,2
20097,Medio,52.6781018236657,1
20098,Alto,50.314929345097,1
20099,Muy alto,48.3984626321626,1
20100,Alto,50.0842628400557,1
20101,Alto,49.5264191262107,1
20102,Medio,53.6555622753586,2
20103,Alto,49.8695121912607,4
20104,Alto,51.9315629637717,1
20105,Medio,53.1879020415157,2
20106,Medio,53.5690449158839,2
20107,Muy bajo,57.097601682762,0
20108,Alto,51.715462134898,2
20109,Medio,54.5196452641362,2
20110,Muy alto,45.8780899973498,4
20111,Muy alto,48.2163800352858,1
20112,Alto,52.4204519350181,2
20113,Medio,53.1585043861825,2
20114,Medio,53.2828345727823,2
20115,Bajo,56.430270864509,0
20116,Muy alto,47.7122020004302,1
20117,Alto,49.514607877209,1
20118,Alto,51.1229095126086,1
20119,Alto,52.1509442527787,1
20120,Medio,53.4949759474877,2
20121,Medio,53.697321132963,2
20122,Medio,53.4842135833253,2
20123,Alto,51.9427063945541,2
20124,Muy alto,47.5153390418427,1
20125,Alto,48.877043561317,1
20126,Muy alto,48.2919554450303,1
20127,Alto,49.8872444442766,1
20128,Medio,54.5860113680138,2
20129,Bajo,55.9626870393986,2
20130,Muy alto,48.6974246547803,4
20131,Alto,50.5400808484444,1
20132,Medio,53.3074795817417,2
20133,Alto,49.6828463440692,1
20134,Muy alto,47.5773503641158,1
20135,Medio,53.3269090157916,2
20136,Alto,52.3091673192806,1
20137,Alto,49.3932188858618,1
20138,Medio,53.5417399646662,2
20139,Alto,49.4760041170334,1
20140,Medio,54.284787448249,2
20141,Alto,49.9974742666701,2
20142,Alto,49.1642373230957,1
20143,Bajo,54.6074943315048,2
20144,Alto,51.8874337335198,2
20145,Muy bajo,56.8535980147554,0
20146,Alto,50.1101566351824,1
20147,Medio,54.1663772463591,2
20148,Alto,49.8568091417192,1
20149,Alto,49.4663248596582,1
20150,Muy bajo,56.6986109343695,0
20151,Alto,51.8376351069472,1
20152,Muy alto,46.0605155508224,4
20153,Medio,53.4679774006205,2
20154,Alto,51.7905043555149,1
20155,Muy alto,47.4517287226026,1
20156,Medio,54.2831951643502,2
20157,Muy bajo,59.6943416023054,0
20158,Alto,51.6142592890443,1
20159,Alto,49.3702005081557,1
20160,Medio,53.4188966771846,2
20161,Alto,52.2098020371041,2
20162,Muy alto,48.7225000159212,4
20163,Alto,50.3106392009844,1
20164,Alto,50.8624705483086,1
20165,Alto,51.3122143802363,2
20166,Medio,53.4490745653694,2
20167,Alto,49.8142867665551,1
20168,Alto,50.7133724460325,1
20169,Muy alto,42.1285692489624,4
20170,Muy alto,44.8309808837109,4
20171,Muy alto,37.9560375879217,4
20172,Bajo,54.9727124026363,2
20173,Medio,53.5576564047212,2
20174,Muy bajo,56.9821162572956,0
20175,Alto,52.1829034826534,2
20176,Alto,51.0510220524862,4
20177,Bajo,54.6717567502474,2
20178,Bajo,55.9700562511271,0
20179,Medio,52.9014141484512,2
20180,Medio,53.0735355247974,2
20181,Medio,52.7766854844928,2
20182,Alto,49.2832779081029,1
20183,Alto,51.4231342883384,1
20184,Bajo,56.135935257653,0
20185,Medio,53.0479493437922,2
20186,Medio,53.0379743767515,2
20187,Alto,49.9259166065363,1
20188,Alto,49.4912542042221,1
20189,Muy alto,48.2565535365573,1
20190,Alto,50.9969745902309,1
20191,Medio,54.135791987488,2
20192,Muy bajo,56.5687442185092,2
20193,Bajo,54.9030641250815,2
20194,Medio,54.298486097845,2
20195,Muy alto,47.3753170226969,4
20196,Bajo,55.3169588176331,2
20197,Medio,52.8631145952429,2
20198,Alto,49.5751735858624,1
20199,Alto,48.9076056980293,1
20200,Alto,49.1404262712266,1
20201,Alto,51.5074033294485,1
20202,Alto,51.4831929117262,1
20203,Muy alto,48.0855781463302,1
20204,Medio,53.7930692446964,2
20205,Muy alto,48.6989356950029,1
20206,Alto,52.4906952044865,2
20207,Alto,49.5292201899631,1
20208,Alto,49.3422758102582,1
20209,Alto,49.2679108534208,1
20210,Alto,51.6398072439143,1
20211,Alto,49.0059938617294,1
20212,Muy alto,47.7686084921693,1
20213,Alto,50.6135779119906,1
20214,Alto,51.7290127691255,1
20215,Bajo,55.4548652282207,2
20216,Medio,53.176117230939,2
20217,Muy alto,43.8823527879406,4
20218,Alto,51.7912704973914,1
20219,Alto,51.2801858919568,1
20220,Medio,52.9061923977213,2
20221,Medio,53.2931925348868,2
20222,Medio,53.1902719802369,2
20223,Bajo,54.8478552839259,2
20224,Medio,54.3424849984449,2
20225,Muy alto,46.2536051198448,4
20226,Medio,53.6587989749911,2
20227,Muy bajo,57.7714847193374,0
20228,Alto,49.4558796892282,1
20229,Muy alto,47.1001042680882,1
20230,Medio,53.3438821462574,2
20231,Muy alto,47.1670388270881,1
20232,Muy alto,48.1592038155556,1
20233,Alto,50.6224125901472,1
20234,Muy alto,46.4117693086444,1
20235,Alto,50.5611646956697,1
20236,Muy alto,46.3304756754335,1
20237,Bajo,54.6729777518524,2
20238,Medio,52.9297214400769,2
20239,Medio,52.7846713896631,2
20240,Muy alto,45.6994653019075,4
20241,Medio,53.2235242465546,2
20242,Muy alto,44.9684577332552,1
20243,Bajo,55.1909726983336,2
20244,Alto,52.4573367132723,2
20245,Alto,48.7736475645481,4
20246,Medio,52.9864585900361,2
20247,Muy bajo,57.6974997126782,0
20248,Muy alto,38.5469763638553,3
20249,Alto,50.5870982469375,1
20250,Medio,54.0389472848692,2
20251,Alto,49.6894717289195,1
20252,Alto,50.046044323747,1
20253,Muy alto,44.950677296844,1
20254,Alto,51.4580981482366,2
20255,Alto,51.0976839718127,1
20256,Medio,54.1803790601044,2
20257,Alto,50.5228974367453,1
20258,Alto,52.5189117034454,1
20259,Alto,48.8923983586943,1
20260,Alto,51.6430011775482,1
20261,Alto,49.7764240023264,1
20262,Bajo,54.8612656957314,2
20263,Alto,49.6306110506632,1
20264,Alto,49.5193260765046,1
20265,Alto,49.4017980791693,4
20266,Alto,50.828917715961,1
20267,Bajo,54.9865774015841,2
20268,Medio,52.899233702561,2
20269,Medio,53.1428375914754,2
20270,Muy alto,46.8971516543939,4
20271,Muy alto,48.523345268306,1
20272,Alto,51.7386771961527,1
20273,Muy alto,47.269059327979,1
20274,Alto,48.9661426242979,4
20275,Alto,49.0606703594234,1
20276,Muy alto,47.2418640853462,1
20277,Alto,49.4468624814672,1
20278,Alto,49.7756830096573,4
20279,Medio,53.0972058717847,2
20280,Medio,54.34150637698,2
20281,Bajo,55.5490683855603,2
20282,Alto,51.9027207537724,2
20283,Medio,53.6719929226672,2
20284,Muy alto,46.3475384588448,1
20285,Alto,50.709168331092,2
20286,Alto,51.9604872808828,1
20287,Medio,53.550859906398,2
20288,Alto,52.5196819263618,1
20289,Alto,51.0491183760023,1
20290,Medio,53.2467117267401,2
20291,Alto,52.589636983477,2
20292,Muy alto,48.6992771711282,4
20293,Muy bajo,58.8988536274167,0
20294,Muy bajo,57.2850570323075,0
20295,Muy bajo,57.0414850344605,0
20296,Medio,54.5513714183356,2
20297,Muy alto,47.5669384478965,1
20298,Medio,53.4313866494277,2
20299,Medio,53.6068943318134,2
20300,Alto,50.8011468272046,1
20301,Medio,52.7893927924627,1
20302,Muy alto,48.3996098124331,1
20303,Medio,52.9416250443961,2
20304,Alto,51.5914795658191,1
20305,Bajo,56.4557380770907,0
20306,Muy alto,48.1619717003709,1
20307,Alto,52.2420864602107,2
20308,Alto,51.9926821720513,1
20309,Muy alto,46.9858139705765,1
20310,Muy alto,48.7265683301703,4
20311,Muy alto,47.8230109057491,1
20312,Muy alto,46.9607271736682,4
20313,Alto,50.634721241479,1
20314,Medio,54.0939934127565,2
20315,Muy alto,47.1380611251779,4
20316,Medio,53.5344254027423,2
20317,Alto,51.8538626620502,4
20318,Bajo,55.0903064133824,0
20319,Alto,51.0560128139934,1
20320,Medio,53.1293059271352,2
20321,Alto,52.5285452980084,2
20322,Muy alto,47.4097094203431,1
20323,Alto,51.6506203606087,1
20324,Alto,52.178716970936,2
20325,Muy alto,48.661800040139,1
20326,Alto,49.0109646846964,1
20327,Medio,52.9007482096349,2
20328,Alto,49.7217061954916,1
20329,Alto,50.8827202143745,1
20330,Alto,51.7173019635777,1
20331,Alto,51.4319658423504,1
20332,Medio,54.2764232252853,2
20333,Bajo,54.9787896226522,2
20334,Medio,52.894359256912,2
20335,Alto,51.8210830994088,1
20336,Medio,52.8351803080602,2
20337,Muy alto,47.2293319903789,1
20338,Muy bajo,56.9821096412451,0
20339,Bajo,55.6341582780187,2
20340,Medio,52.7085208072624,2
20341,Medio,53.3629336470293,2
20342,Muy bajo,56.631783852539,0
20343,Medio,54.1368791854952,2
20344,Alto,50.82088666831,4
20345,Alto,51.878152700038,2
20346,Alto,52.5098698457851,2
20347,Medio,52.9561460213299,2
20348,Alto,50.7964080029673,1
20349,Alto,52.0470251628168,2
20350,Muy bajo,60.7781072895856,0
20351,Alto,51.7344870163757,1
20352,Muy alto,46.0418417009038,1
20353,Alto,52.5033612783691,2
20354,Muy alto,48.4828729146059,1
20355,Alto,50.806467074437,1
20356,Medio,53.019420174159,2
20357,Medio,52.8052412759881,2
20358,Alto,52.2896594214521,2
20359,Alto,50.9479658597759,1
20360,Alto,52.0155293004577,2
20361,Alto,50.2577499095684,1
20362,Medio,53.3564225932454,2
20363,Medio,54.5242268769378,2
20364,Alto,52.2277125755336,1
20365,Medio,53.4915531468688,2
20366,Alto,50.2459886096789,1
20367,Muy alto,48.4107011491627,4
20368,Alto,52.2256656395788,2
20369,Medio,54.1772143001168,2
20370,Bajo,54.5908214866612,2
20371,Alto,50.954892999416,1
20372,Muy alto,48.2717177281597,4
20373,Alto,50.8057522501962,1
20374,Muy alto,47.6036316714101,1
20375,Muy bajo,58.5347969918961,0
20376,Alto,52.244526200821,2
20377,Alto,49.3177498894513,4
20378,Alto,51.9025439579238,2
20379,Alto,51.6825946306106,1
20380,Medio,54.0630639684229,2
20381,Medio,54.5356858134997,2
20382,Alto,52.4884961070652,2
20383,Medio,53.1442585592703,2
20384,Alto,50.8953733456253,1
20385,Muy bajo,56.6961261437307,0
20386,Muy alto,47.3549432350158,1
20387,Medio,53.9889097519205,2
20388,Alto,49.2878599922242,1
20389,Alto,50.6267966410976,1
20390,Muy bajo,59.2376750764187,0
20391,Muy alto,46.2649006059431,1
20392,Muy alto,47.4820780115397,4
20393,Alto,51.8444318706952,1
20394,Alto,51.357334555443,4
20395,Muy alto,45.9089767935002,1
20396,Muy alto,44.8422391340918,1
20397,Medio,54.5630199976586,0
20398,Alto,52.6369304103301,2
20399,Bajo,55.8540974297137,0
20400,Medio,53.1680311710493,2
20401,Medio,53.756400468584,2
20402,Alto,51.4295469223902,2
20403,Bajo,56.1721848198107,0
20404,Bajo,55.6239920102871,2
20405,Medio,53.394499444537,2
20406,Muy alto,40.8112840713157,4
20407,Alto,48.8081408183251,1
20408,Medio,53.3651955720257,2
20409,Muy bajo,59.1520989315474,0
20410,Medio,52.8262604843605,2
20411,Bajo,55.279739345339,2
20412,Alto,50.3096351600402,1
20413,Bajo,55.610652529718,0
20414,Medio,52.80277783685,2
20415,Medio,52.7107982916197,2
20416,Alto,50.8390377886686,1
20417,Alto,51.4458804966845,2
20418,Bajo,54.7900826274877,2
20419,Bajo,55.413818795446,2
20420,Alto,50.0945324757257,1
20421,Bajo,54.7177461520833,2
20422,Medio,54.4357959993165,2
20423,Alto,51.8901631445987,1
20424,Alto,50.1231360769611,1
20425,Alto,51.4299964218825,1
20426,Muy alto,48.6004743002607,1
20427,Medio,53.0481071216159,2
20428,Alto,50.2302012319628,1
20429,Alto,50.7899803118819,1
20430,Medio,53.0337428951625,2
20431,Medio,53.9154945203507,2
20432,Bajo,54.9434987781757,2
20433,Muy alto,47.6199911986166,1
20434,Alto,49.7014575104752,1
20435,Muy alto,48.4845928358274,1
20436,Muy alto,45.092783383954,4
20437,Alto,50.3660609714925,1
20438,Alto,50.2964176637473,1
20439,Alto,48.7982205220227,1
20440,Alto,52.541761775247,2
20441,Medio,53.262042239936,2
20442,Medio,53.756333386356,2
20443,Bajo,55.8759046278587,2
20444,Medio,53.7290543995454,2
20445,Medio,53.5535314203014,2
20446,Alto,52.5173177386999,2
20447,Alto,51.8377854330154,1
20448,Muy alto,48.3442703894791,1
20449,Alto,52.1495671686957,2
20450,Muy alto,44.1186431724611,1
20451,Muy alto,44.4291367505471,4
20452,Muy alto,48.4040264456717,1
20453,Alto,52.2569610942902,2
20454,Alto,50.1776973947895,1
20455,Alto,49.9234229838912,1
20456,Alto,52.1929545013752,2
20457,Alto,51.7341915541368,1
20458,Medio,54.5213860391446,2
20459,Medio,54.1773430228497,2
20460,Alto,49.4988304758647,1
20461,Alto,49.6208829508289,1
20462,Bajo,54.7586371979169,2
20463,Medio,53.0819304203056,2
20464,Medio,53.0205289183895,2
20465,Alto,50.2138824372691,1
20466,Muy alto,43.7481213509579,1
20467,Medio,52.8457154791546,2
20468,Alto,49.8649844722351,1
20469,Alto,49.1408928451377,1
20470,Alto,50.6875641619017,1
20471,Medio,54.1298786487458,2
20472,Bajo,55.1268808613649,2
20473,Bajo,54.6516242189044,2
20474,Alto,52.3542038367847,2
20475,Alto,51.3465944047261,1
20476,Medio,53.6561067159525,2
20477,Alto,50.7690022916533,1
20478,Medio,52.98765344698,2
20479,Medio,53.2512253219745,2
20480,Muy alto,48.0230459550292,1
20481,Alto,52.3134293543232,2
20482,Alto,52.519989421088,2
20483,Bajo,55.8357156701387,0
20484,Alto,51.6063108661805,2
20485,Muy alto,48.1332158058393,1
20486,Medio,53.6505596835076,2
20487,Medio,53.0426663947868,2
20488,Medio,54.4258691471755,2
20489,Alto,50.6875080323753,1
20490,Alto,50.2237078805819,1
20491,Alto,52.0912398392836,1
20492,Alto,49.3792887808089,1
20493,Bajo,54.949829315233,2
20494,Muy alto,48.5927597890768,1
20495,Muy alto,47.5692714238263,1
20496,Bajo,55.9422894145845,2
20497,Muy alto,46.8524520228997,1
20498,Muy alto,47.5112566808134,4
20499,Bajo,55.648676519915,2
20500,Alto,51.0794466846879,1
20501,Alto,52.5539267132105,2
20502,Muy alto,45.7940075417243,1
20503,Bajo,55.0567640353756,2
20504,Medio,53.671572928247,2
20505,Bajo,56.2139112768298,0
20506,Medio,53.177916491188,2
20507,Alto,50.7852211460312,2
20508,Bajo,55.1514138561123,2
20509,Muy alto,47.1044270182945,4
20510,Alto,50.7343198802279,1
20511,Muy alto,48.2469529241055,4
20512,Alto,50.9489728844747,1
20513,Medio,53.1250978241592,2
20514,Muy alto,47.4991211588905,1
20515,Bajo,55.2154760768848,0
20516,Alto,51.8718498461093,1
20517,Muy alto,46.6709890286738,1
20518,Bajo,55.0780817116493,2
20519,Medio,54.5397240877879,2
20520,Medio,52.7208836589929,2
20521,Medio,53.1254366960545,2
20522,Alto,50.1929983998036,1
20523,Medio,54.5164901319105,2
20524,Bajo,55.0360332770858,2
20525,Medio,53.8857244800083,2
20526,Alto,51.7194107270272,1
20527,Alto,50.8722696747953,1
20528,Alto,50.9613356433133,1
20529,Muy alto,47.591830827377,1
20530,Alto,49.786181722265,4
20531,Medio,54.5464834139844,2
20532,Alto,50.223222776954,1
20533,Medio,53.213162172348,2
20534,Alto,48.8382679263955,1
20535,Alto,51.1740238493043,1
20536,Bajo,54.751967187128,2
20537,Alto,52.3851429865836,2
20538,Medio,53.3916838727478,2
20539,Bajo,55.0669643867351,2
20540,Bajo,56.5393484361019,0
20541,Medio,53.794266002626,2
20542,Medio,53.0141542466249,2
20543,Alto,49.3746947228528,1
20544,Alto,52.6182245066547,1
20545,Bajo,55.692267844041,0
20546,Alto,52.064601362043,2
20547,Medio,54.3033371157521,2
20548,Alto,49.6856358646832,4
20549,Alto,51.6898038116708,1
20550,Medio,53.687085210756,2
20551,Bajo,55.9767002010425,0
20552,Medio,54.4568370435835,2
20553,Muy bajo,57.0684831864466,0
20554,Alto,50.7311560242598,1
20555,Medio,53.2272341100064,2
20556,Medio,54.1172918618237,2
20557,Muy bajo,57.402700187761,0
20558,Medio,53.905758832112,2
20559,Medio,53.6106634174365,2
20560,Alto,52.0265824626296,1
20561,Alto,49.8365052381525,1
20562,Medio,53.998055275422,2
20563,Muy alto,47.0043418380691,1
20564,Alto,50.6256169489425,1
20565,Alto,51.8806135514583,4
20566,Alto,49.6370734554883,1
20567,Muy alto,48.1187576430958,1
20568,Medio,52.7085923713286,2
20569,Alto,49.8131705337607,4
20570,Medio,54.1300585255153,2
21001,Medio,54.1870446725267,2
21002,Alto,51.505070239247,2
21003,Medio,53.981285833308,2
21004,Medio,54.3040399526349,2
21005,Muy alto,47.1913584890913,4
21006,Alto,49.9003552247959,1
21007,Alto,51.5294292706956,2
21008,Bajo,55.3629681806683,2
21009,Alto,52.086717019023,2
21010,Alto,49.5226875208232,1
21011,Medio,53.1550237085235,2
21012,Medio,54.4014537381603,2
21013,Bajo,54.6388177261954,2
21014,Alto,49.8822422828798,1
21015,Muy bajo,56.5768836324401,0
21016,Medio,52.8768102408361,2
21017,Medio,53.9876210568804,2
21018,Medio,53.0098451639598,2
21019,Muy bajo,56.6300587438743,0
21020,Bajo,55.4476964443985,2
21021,Medio,54.4000316806716,2
21022,Medio,52.8577526622273,2
21023,Alto,51.6710467294333,1
21024,Medio,52.9334144043466,2
21025,Alto,52.4809312517531,2
21026,Medio,54.3971809246484,2
21027,Alto,51.4001884026317,2
21028,Alto,50.5804835068056,1
21029,Alto,51.9724859516312,1
21030,Alto,52.1095095359018,1
21031,Alto,51.7659977442594,2
21032,Medio,53.0128090307625,2
21033,Medio,52.7507256236087,2
21034,Muy bajo,57.2454447252674,0
21035,Medio,53.8094186931408,2
21036,Muy alto,48.7013538573463,1
21037,Medio,54.1620183462901,2
21038,Medio,54.3849044139687,2
21039,Alto,52.3645541675925,2
21040,Alto,52.1250668465823,2
21041,Muy bajo,59.89073263479,0
21042,Alto,51.1131835520234,2
21043,Alto,51.0030473295445,1
21044,Medio,54.473680688158,2
21045,Bajo,55.4129914502671,2
21046,Bajo,54.8380303344335,2
21047,Medio,54.4930818566327,2
21048,Bajo,55.8221847637757,2
21049,Alto,48.8917765580963,1
21050,Alto,49.2873160008827,1
21051,Bajo,55.0571097383883,2
21052,Alto,51.9459043519623,2
21053,Bajo,54.8357689259056,2
21054,Medio,53.6994319593911,2
21055,Alto,51.4706511425846,2
21056,Medio,53.1187097394576,2
21057,Alto,52.2545499615667,2
21058,Alto,51.6092335036026,1
21059,Alto,51.2861778728113,2
21060,Bajo,55.0794289912105,2
21061,Muy alto,45.8768096917712,1
21062,Medio,53.8196270510733,2
21063,Bajo,55.3544960728121,2
21064,Alto,51.4757816429205,4
21065,Medio,54.5077733450038,2
21066,Alto,51.6632134766281,2
21067,Bajo,54.9962831331053,2
21068,Alto,49.96321822547,1
21069,Medio,53.2640344435555,2
21070,Alto,50.7069033177669,1
21071,Bajo,55.6599138856877,0
21072,Muy alto,47.7544133097575,1
21073,Medio,53.7191690138778,2
21074,Muy bajo,57.2878297242416,0
21075,Medio,53.7123449273868,2
21076,Medio,52.9064452603247,2
21077,Muy alto,46.7654890974039,1
21078,Alto,49.5318709003349,1
21079,Medio,54.3188768482396,2
21080,Alto,51.2717541751356,1
21081,Alto,49.6206122305348,1
21082,Bajo,55.9752886606756,2
21083,Alto,52.4373172397588,2
21084,Alto,48.753224839486,1
21085,Bajo,55.9803646506846,2
21086,Alto,50.0477522099812,4
21087,Alto,51.4367626935752,1
21088,Alto,51.3817035256925,2
21089,Alto,50.9710611038745,1
21090,Muy bajo,57.2795080229273,0
21091,Muy bajo,57.6354660020421,0
21092,Alto,52.0315343291835,2
21093,Medio,53.2466217649757,2
21094,Bajo,55.7246541307075,2
21095,Bajo,55.7065238229095,2
21096,Bajo,54.842253347287,2
21097,Bajo,56.1029050793764,2
21098,Medio,53.595688323434,2
21099,Alto,52.2034394892961,2
21100,Alto,50.5501192064928,1
21101,Medio,52.6611323685747,2
21102,Muy bajo,56.653147311774,2
21103,Alto,52.5364473513634,2
21104,Bajo,55.8216736957719,2
21105,Medio,53.3651662275059,2
21106,Bajo,55.9892191485837,0
21107,Muy alto,43.6856887151205,4
21108,Bajo,55.4971385225531,2
21109,Alto,51.6954702176506,1
21110,Medio,53.2714259535265,2
21111,Alto,49.9630047287579,1
21112,Alto,52.0672948730919,2
21113,Alto,52.1133164759504,2
21114,Muy bajo,59.4644734263428,0
21115,Medio,53.3907629141748,2
21116,Alto,50.9674305878683,1
21117,Muy bajo,56.9627062506334,0
21118,Bajo,54.8765567941413,2
21119,Muy bajo,59.9365824961401,0
21120,Alto,50.1660806669619,1
21121,Alto,52.4073335440848,2
21122,Bajo,56.2779449201811,2
21123,Alto,49.0901009671175,1
21124,Medio,54.3359528948424,2
21125,Muy bajo,57.9781689654493,0
21126,Medio,53.4279951822184,2
21127,Alto,52.5505419635111,2
21128,Bajo,56.2186428328039,2
21129,Medio,53.7825429932631,2
21130,Medio,54.1646867164637,2
21131,Medio,54.4551342442315,2
21132,Muy bajo,58.2203845769481,0
21133,Medio,54.2494230025806,2
21134,Muy bajo,56.6224536705547,2
21135,Medio,53.9091306421396,2
21136,Muy bajo,58.6898539737101,0
21137,Medio,53.1797931304404,2
21138,Bajo,54.8180565680326,2
21139,Medio,52.6481084261642,2
21140,Muy bajo,59.0792822276916,0
21141,Medio,52.8638253944609,2
21142,Bajo,55.4520982429278,2
21143,Muy bajo,56.8429076565582,0
21144,Medio,53.8076128514112,2
21145,Muy alto,47.7343596432016,1
21146,Alto,52.3965670546324,2
21147,Alto,50.7784774716862,1
21148,Alto,51.6304527205526,4
21149,Medio,53.4987287115658,2
21150,Alto,52.06892920154,2
21151,Bajo,56.0821457962269,2
21152,Bajo,55.0714460957403,2
21153,Bajo,55.5035318931278,2
21154,Bajo,55.8088335051119,0
21155,Medio,53.2446284599386,2
21156,Muy bajo,57.1736295659565,0
21157,Alto,52.2174481683516,2
21158,Alto,50.149683979948,4
21159,Alto,48.7359645518723,1
21160,Medio,53.4744106548613,2
21161,Bajo,54.8045707625278,2
21162,Muy alto,47.9911167872867,1
21163,Bajo,55.9740164967099,0
21164,Bajo,55.5740313119697,2
21165,Alto,49.8345162201161,1
21166,Medio,54.5751838479252,2
21167,Alto,48.9275005702066,1
21168,Alto,50.5401702780679,1
21169,Alto,52.619841699619,2
21170,Medio,53.9553903350347,2
21171,Bajo,55.453129065379,2
21172,Medio,52.9691690328959,2
21173,Muy bajo,57.8374853593855,0
21174,Muy bajo,57.5211818118232,0
21175,Bajo,54.6742577532586,2
21176,Medio,54.4456067602377,2
21177,Medio,52.9058813524694,2
21178,Alto,49.8870819386488,4
21179,Medio,53.9960641372479,2
21180,Bajo,55.709229183396,2
21181,Muy bajo,56.9620965294138,0
21182,Bajo,55.2547648731919,2
21183,Alto,49.3740955409026,1
21184,Alto,50.8921321644112,1
21185,Medio,53.3066844914418,2
21186,Bajo,54.8352622513716,2
21187,Alto,50.0121913399928,1
21188,Alto,52.5501768688809,2
21189,Bajo,55.0300583594463,2
21190,Medio,53.8373754511084,2
21191,Alto,52.3667925793858,2
21192,Medio,53.1299697299529,2
21193,Alto,52.2510995530557,2
21194,Medio,53.2053337617747,2
21195,Muy alto,47.961470070223,1
21196,Medio,53.5318022845794,2
21197,Bajo,54.8332525957009,2
21198,Muy alto,47.3105916797851,4
21199,Medio,53.302421367153,2
21200,Alto,51.7114974267485,2
21201,Medio,53.5894645863985,2
21202,Alto,50.3628397177973,1
21203,Medio,53.7538779911098,2
21204,Bajo,55.0249356160415,2
21205,Bajo,54.6532094547855,2
21206,Alto,51.2381892993837,2
21207,Medio,53.7486832996587,2
21208,Bajo,55.4248903782217,2
21209,Medio,53.1390993259828,2
21210,Medio,52.8592160058735,2
21211,Muy bajo,57.252353704232,0
21212,Alto,51.1929186929248,1
21213,Alto,51.1222954884227,1
21214,Medio,54.4523364875769,2
21215,Alto,52.1303951170637,1
21216,Alto,50.7778393792522,1
21217,Muy alto,48.1038208578218,1
22001,Medio,52.6384709850884,2
22002,Alto,51.3061242651513,2
22003,Medio,54.4221025741989,2
22004,Medio,53.826877738956,2
22005,Bajo,54.7822054109821,2
22006,Muy bajo,60.9170414526895,0
22007,Bajo,56.1421339340671,0
22008,Bajo,55.8059966055312,2
22009,Bajo,55.3100149130507,0
22010,Alto,51.8575519546268,4
22011,Muy bajo,58.7411801102888,0
22012,Muy bajo,56.9610052288028,0
22013,Medio,53.0975361584982,2
22014,Muy bajo,60.3649833591697,0
22015,Alto,52.5047227244323,2
22016,Muy bajo,58.8118455964751,0
22017,Muy bajo,57.3416428388048,0
22018,Medio,53.329216499351,2
23001,Muy bajo,58.6782928274151,0
23002,Medio,52.6470861937271,2
23003,Muy bajo,56.9425144293761,0
23004,Muy bajo,57.816395956287,0
23005,Muy bajo,59.7140058687239,0
23006,Alto,52.4973224792241,2
23007,Medio,53.5925709996106,2
23008,Muy bajo,59.5756301650506,0
23009,Bajo,56.1479600777296,0
23010,Medio,53.4834981325083,2
23011,Muy bajo,58.2496774247571,0
24001,Medio,52.7831455311126,2
24002,Alto,51.228237686878,4
24003,Muy alto,47.7391583775157,4
24004,Medio,52.8996653695929,2
24005,Muy bajo,56.8674867955481,0
24006,Alto,51.271146015899,2
24007,Muy bajo,56.8559405084245,0
24008,Muy bajo,56.9490245753009,0
24009,Bajo,56.3248080815687,0
24010,Medio,54.0303547241637,2
24011,Muy bajo,57.1508218680569,0
24012,Alto,49.1411941890838,4
24013,Muy bajo,57.4479950111411,0
24014,Alto,50.6319360410292,4
24015,Bajo,54.6441251091807,0
24016,Bajo,56.1644359058229,0
24017,Alto,49.0070471872958,4
24018,Alto,50.5275187887786,4
24019,Medio,52.7560430550016,2
24020,Muy bajo,58.2205004740054,0
24021,Medio,54.024823418533,2
24022,Medio,53.7655679053393,2
24023,Medio,52.7614525123718,2
24024,Bajo,56.2486785437872,0
24025,Bajo,55.3206256899555,2
24026,Alto,50.8418683414023,4
24027,Bajo,55.3762891058499,2
24028,Muy bajo,60.4891453569334,0
24029,Alto,49.3550330095779,4
24030,Medio,53.6914001409053,2
24031,Muy alto,44.470323096072,4
24032,Medio,53.436125099673,2
24033,Medio,52.9905728564408,2
24034,Medio,53.8250239605539,2
24035,Muy bajo,60.2932819776729,0
24036,Alto,51.0909799597704,2
24037,Medio,52.8299731407825,2
24038,Alto,50.7426627250659,4
24039,Alto,51.1474849551664,1
24040,Bajo,55.0729947470425,2
24041,Alto,52.0849415657391,2
24042,Bajo,55.313302854634,2
24043,Alto,52.0499620481921,2
24044,Medio,53.0245584045777,2
24045,Medio,53.6532692732601,2
24046,Medio,53.2087507417766,2
24047,Alto,50.9245426773852,4
24048,Bajo,56.4037044105879,2
24049,Medio,53.4597667118299,2
24050,Bajo,54.9862814747408,2
24051,Medio,54.2892834421812,2
24052,Medio,53.5182700837445,2
24053,Medio,54.4715615464667,2
24054,Alto,50.8554984945648,4
24055,Bajo,54.6456028914154,2
24056,Bajo,54.6433857629306,2
24057,Alto,52.2664214369757,2
24058,Bajo,56.4754894700027,0
25001,Muy bajo,58.6651104720047,0
25002,Muy bajo,57.2767511257247,0
25003,Alto,51.1903217401136,2
25004,Bajo,55.9143078455085,0
25005,Bajo,54.7337072126401,2
25006,Muy bajo,59.6469560630253,0
25007,Medio,53.3869684021928,2
25008,Bajo,55.8149847106944,2
25009,Bajo,56.4302127899758,0
25010,Bajo,55.5428366921348,2
25011,Muy bajo,57.4289427021595,0
25012,Muy bajo,59.6999642591626,0
25013,Bajo,55.2915596194213,2
25014,Bajo,55.8490496554162,0
25015,Muy bajo,59.1357902529321,0
25016,Bajo,54.623150870549,2
25017,Medio,53.4860304294174,2
25018,Muy bajo,56.6904242638884,0
26001,Muy bajo,57.175872769858,0
26002,Muy bajo,58.6321202733079,0
26003,Medio,53.436431860847,2
26004,Muy bajo,57.2549161127697,0
26005,Muy bajo,56.7328167011922,0
26006,Muy bajo,57.2258475694119,0
26007,Muy bajo,57.6798790210215,0
26008,Muy bajo,56.5757785718752,2
26009,Bajo,56.473778852233,2
26010,Bajo,56.0834054648813,2
26011,Muy bajo,57.2258410577153,0
26012,Bajo,55.8500469062158,2
26013,Muy bajo,58.3416456049774,0
26014,Muy bajo,57.6960053400689,0
26015,Muy bajo,57.0909438630272,2
26016,Muy bajo,57.4074407078711,0
26017,Muy bajo,57.9384484648941,0
26018,Muy bajo,59.6178883034836,0
26019,Muy bajo,59.6750634488765,0
26020,Bajo,56.1536324722873,2
26021,Bajo,56.5022855102437,0
26022,Bajo,56.134818243072,0
26023,Muy bajo,58.6622295656059,0
26024,Muy bajo,57.668957954668,0
26025,Muy bajo,58.5098275043083,0
26026,Bajo,55.0103346063358,2
26027,Muy bajo,59.0513582154044,0
26028,Muy bajo,57.9704555419089,0
26029,Muy bajo,58.5191329127171,0
26030,Muy bajo,60.4437538603046,0
26031,Muy bajo,56.5534097613117,2
26032,Muy bajo,58.0876552525352,0
26033,Bajo,56.1992942409049,0
26034,Muy bajo,58.3401720959105,0
26035,Muy bajo,57.8331698923543,0
26036,Muy bajo,59.5683507417418,0
26037,Muy bajo,57.1525437900721,0
26038,Muy bajo,58.6220537837727,0
26039,Muy bajo,58.4678341973091,0
26040,Bajo,54.8449756322876,2
26041,Muy bajo,60.1560054349981,0
26042,Muy bajo,57.9419748391766,0
26043,Muy bajo,59.0224167609303,0
26044,Muy bajo,57.2111792448595,2
26045,Bajo,55.4563266983392,2
26046,Muy bajo,57.9345151666993,0
26047,Muy bajo,57.5664020548657,0
26048,Muy bajo,58.6392146166767,0
26049,Alto,49.4410849539782,2
26050,Bajo,56.2790420358038,2
26051,Medio,54.3444234734126,2
26052,Bajo,56.5226140656418,0
26053,Muy bajo,57.984899079762,0
26054,Muy bajo,57.5386764794021,0
26055,Muy bajo,58.5336454830706,0
26056,Medio,54.1163254703618,2
26057,Muy bajo,56.6027564432322,2
26058,Muy bajo,58.9952098453735,0
26059,Muy bajo,56.7390154783217,2
26060,Bajo,55.3784092311154,2
26061,Bajo,55.9301861449669,2
26062,Muy bajo,56.5687422257567,2
26063,Muy bajo,57.2170199755329,2
26064,Bajo,56.4495053672598,2
26065,Bajo,55.9414343753266,2
26066,Muy bajo,57.3541362087749,0
26067,Muy bajo,57.5008708426407,0
26068,Muy bajo,56.5946007805219,0
26069,Medio,53.1876210134935,2
26070,Muy bajo,57.5333937570597,0
26071,Muy bajo,56.8547963520587,0
26072,Bajo,55.3743606722922,2
27001,Medio,53.9658200652088,2
27002,Bajo,55.9741724391306,0
27003,Medio,54.0359867539869,2
27004,Muy bajo,58.7305881928387,0
27005,Bajo,56.3285825680257,0
27006,Bajo,55.4709692051991,2
27007,Muy bajo,57.275449425551,0
27008,Medio,54.2023211917676,2
27009,Bajo,55.5079197419079,2
27010,Bajo,56.3321208402706,0
27011,Medio,53.3179949617422,2
27012,Medio,54.3294238794459,0
27013,Muy bajo,57.7795396992632,0
27014,Muy bajo,57.577451067832,0
27015,Medio,54.3275567617433,2
27016,Bajo,55.5497062217974,2
27017,Bajo,54.7349584457931,2
28001,Bajo,56.3280504498663,2
28002,Bajo,56.1551917538532,2
28003,Muy bajo,58.9877930026862,0
28004,Medio,54.492839693816,2
28005,Bajo,55.0629000704137,2
28006,Muy alto,48.4444217302682,4
28007,Muy bajo,57.2834479280164,0
28008,Alto,51.7799755912365,2
28009,Muy bajo,60.459278652103,0
28010,Medio,54.3284892230934,2
28011,Bajo,54.9752429969075,2
28012,Bajo,55.6700433351164,2
28013,Bajo,55.0396508949848,2
28014,Bajo,55.8598671467506,2
28015,Muy bajo,57.4290187938139,0
28016,Bajo,55.6565181411044,2
28017,Bajo,55.3206639371914,2
28018,Bajo,56.0754289978931,2
28019,Medio,54.3937128635702,2
28020,Bajo,55.3517569464596,2
28021,Muy bajo,58.014984968223,0
28022,Muy bajo,58.2648585290046,0
28023,Medio,53.7019372120909,2
28024,Muy bajo,58.5850303497704,0
28025,Muy bajo,58.3864639994001,0
28026,Alto,50.6235134569275,4
28027,Muy bajo,58.9366825363089,0
28028,Bajo,55.7564781407134,2
28029,Bajo,55.2870720187535,2
28030,Bajo,56.4847240106659,2
28031,Medio,53.8277164096378,2
28032,Muy bajo,58.7743459251207,0
28033,Muy bajo,57.6803958872068,0
28034,Medio,52.9324701447164,2
28035,Bajo,56.3489440828454,0
28036,Muy alto,43.8773408541018,4
28037,Bajo,55.0740539875972,2
28038,Muy bajo,60.1111421258806,0
28039,Medio,53.7081541270041,2
28040,Muy bajo,57.5390707114233,0
28041,Muy bajo,59.5270115010553,0
28042,Bajo,54.693548864187,2
28043,Muy bajo,57.3351958155491,0
29001,Muy bajo,58.891702562831,0
29002,Muy bajo,57.8933208429541,0
29003,Bajo,55.0604290999821,2
29004,Bajo,54.6331887222251,2
29005,Muy bajo,59.4146598346966,0
29006,Muy bajo,57.817941947762,0
29007,Bajo,55.2114599163845,0
29008,Bajo,56.4760247070218,2
29009,Bajo,56.4619193272822,2
29010,Muy bajo,58.2734705798185,0
29011,Muy bajo,56.5438819652774,2
29012,Bajo,55.6413315360806,2
29013,Muy bajo,57.0789567173746,0
29014,Muy bajo,56.5719272713802,2
29015,Muy bajo,56.9170718376537,0
29016,Muy bajo,57.5389075263234,0
29017,Bajo,56.1788851614457,0
29018,Muy bajo,57.3545692915535,0
29019,Muy bajo,57.9384034489893,0
29020,Muy bajo,57.2179634646176,0
29021,Muy bajo,57.3313327882354,0
29022,Muy bajo,56.9665240519108,0
29023,Bajo,56.1135160939383,2
29024,Muy bajo,57.946105462749,0
29025,Muy bajo,56.9465889194542,0
29026,Muy bajo,58.0929039417132,0
29027,Muy bajo,57.5464178743406,0
29028,Muy bajo,57.3528286386331,0
29029,Muy bajo,57.1056071635492,0
29030,Bajo,55.4180584921153,2
29031,Muy bajo,58.2600939724683,0
29032,Muy bajo,56.9211003907198,2
29033,Muy bajo,60.1643980330608,0
29034,Bajo,55.678776494884,2
29035,Muy bajo,57.7717840463185,0
29036,Muy bajo,58.4627884710793,0
29037,Medio,54.3949011272132,2
29038,Muy bajo,58.1091210646074,0
29039,Muy bajo,57.1498257498042,0
29040,Bajo,56.1342870559077,2
29041,Muy bajo,58.0867388581702,0
29042,Muy bajo,58.963338074148,0
29043,Muy bajo,58.8116700194908,0
29044,Muy bajo,58.3706059123732,0
29045,Muy bajo,58.1492893682079,0
29046,Medio,54.5066594241866,2
29047,Bajo,55.7408015271256,2
29048,Muy bajo,58.7572009774468,0
29049,Muy bajo,59.0539727388004,0
29050,Muy bajo,57.6532902226771,0
29051,Muy bajo,57.1190160268769,0
29052,Muy bajo,56.8116396393322,0
29053,Muy bajo,58.3422032182058,0
29054,Muy bajo,59.0089591698113,0
29055,Bajo,56.321957131931,2
29056,Muy bajo,58.1559235921782,0
29057,Muy bajo,57.0483346134692,0
29058,Muy bajo,58.1952827574857,0
29059,Muy bajo,57.4355558315506,0
29060,Muy bajo,58.539152389493,0
30001,Medio,53.0621821957701,2
30002,Medio,54.3811306807476,2
30003,Bajo,54.971724525608,2
30004,Bajo,54.9864349287468,2
30005,Alto,51.8152532016716,2
30006,Alto,51.1589761925847,4
30007,Medio,53.0588371697282,2
30008,Alto,51.4628808515527,2
30009,Bajo,54.63709168268,2
30010,Medio,53.0061860988904,2
30011,Muy bajo,57.5604597311725,0
30012,Medio,53.207634967301,2
30013,Muy bajo,56.9675632906693,0
30014,Bajo,55.483302719256,2
30015,Medio,53.9098981307141,2
30016,Muy bajo,57.8429325470823,0
30017,Bajo,55.6939923923123,2
30018,Alto,49.7817115637169,1
30019,Alto,49.1695124632876,1
30020,Muy alto,48.2813415085533,1
30021,Bajo,55.0374615248938,2
30022,Medio,53.1583508504644,2
30023,Alto,51.5812814478897,1
30024,Medio,53.018026480671,2
30025,Alto,49.6222928365234,1
30026,Muy bajo,58.3917062825881,0
30027,Alto,48.9790001977968,4
30028,Muy bajo,59.9383548010404,0
30029,Alto,50.2982267223291,1
30030,Bajo,55.9229698962634,0
30031,Alto,50.7052031188846,2
30032,Medio,54.1313422847645,2
30033,Alto,51.7466695734049,4
30034,Muy bajo,57.3423392974746,0
30035,Medio,53.1968008395521,2
30036,Bajo,54.8633037949111,2
30037,Alto,49.369583499505,1
30038,Muy bajo,57.6573520249301,0
30039,Muy bajo,58.7811576958087,0
30040,Muy bajo,57.0567698945525,0
30041,Muy alto,47.7451125609964,4
30042,Alto,51.4520140111073,2
30043,Alto,50.1457971533641,1
30044,Muy bajo,57.7341582231041,0
30045,Bajo,55.8650223492314,0
30046,Medio,52.8314891374496,2
30047,Alto,52.610975125848,1
30048,Muy bajo,56.7042527764036,0
30049,Medio,53.5498089396363,2
30050,Muy alto,47.0940515356414,4
30051,Alto,50.9503067372707,1
30052,Medio,54.506740144576,2
30053,Bajo,56.0612989906812,2
30054,Medio,53.8543274927286,2
30055,Alto,50.6519470361844,4
30056,Alto,50.3500132998861,1
30057,Alto,51.0061671657417,1
30058,Alto,52.0779826471611,2
30059,Medio,54.1765347564981,2
30060,Alto,52.1024064864253,2
30061,Alto,52.4686953830419,2
30062,Medio,53.8800907158998,2
30063,Alto,52.2970294198516,2
30064,Muy alto,45.9446827556425,4
30065,Muy bajo,57.9180984558644,0
30066,Alto,50.9405757282137,4
30067,Alto,48.854444037164,1
30068,Muy bajo,57.6026104299342,0
30069,Bajo,54.8675235247525,2
30070,Alto,49.701965680115,4
30071,Bajo,54.8656146485489,2
30072,Alto,52.3385952700858,2
30073,Alto,52.4786068366963,2
30074,Bajo,55.6190103332648,2
30075,Alto,51.6037242117298,2
30076,Muy alto,45.6066667983378,4
30077,Bajo,55.0426045386878,2
30078,Alto,50.8736037088946,4
30079,Alto,52.1614453649608,1
30080,Medio,53.3038972974176,2
30081,Bajo,55.2327739456133,2
30082,Bajo,55.0801602038577,0
30083,Alto,49.8763796571413,4
30084,Medio,52.8517744294471,2
30085,Muy bajo,56.7286961183117,0
30086,Medio,53.2018909695543,2
30087,Muy bajo,59.3088345677776,0
30088,Medio,54.0916139014928,2
30089,Bajo,55.3151513893265,0
30090,Medio,54.414318076506,2
30091,Alto,51.9686438347193,2
30092,Bajo,55.3059300335625,2
30093,Bajo,54.7423856465128,2
30094,Medio,54.1922829836486,2
30095,Alto,52.4703154762172,2
30096,Medio,54.5534728512334,2
30097,Muy bajo,57.5679064681771,0
30098,Alto,52.113689590025,1
30099,Medio,52.9447096841093,2
30100,Bajo,55.4008844742762,2
30101,Bajo,54.7713917159327,2
30102,Bajo,55.9617321865995,0
30103,Muy alto,47.8548694497225,1
30104,Alto,50.6920219308418,1
30105,Muy bajo,58.2767616777666,0
30106,Medio,53.8320773126539,2
30107,Alto,51.3990081406163,1
30108,Muy bajo,56.5739942316995,0
30109,Bajo,55.4429269646991,2
30110,Muy alto,40.8998289988401,4
30111,Bajo,55.0405481384462,0
30112,Bajo,55.6844298970968,2
30113,Alto,52.2020067211402,2
30114,Medio,54.2916732554398,2
30115,Bajo,55.8553561974928,2
30116,Bajo,54.8078088604078,2
30117,Medio,52.8240846655804,2
30118,Muy bajo,59.5446692320251,0
30119,Bajo,55.546500754102,2
30120,Bajo,54.9002382535644,0
30121,Alto,50.49407222158,4
30122,Alto,51.4271254568614,1
30123,Bajo,55.8940667697526,0
30124,Alto,51.8642083061676,4
30125,Medio,53.7917728709119,2
30126,Bajo,55.6369047560395,2
30127,Alto,48.7844945403974,1
30128,Bajo,56.1143746702857,2
30129,Alto,52.6280506313362,2
30130,Medio,52.6700034380511,2
30131,Muy bajo,58.1970083813724,0
30132,Medio,53.8867242923627,2
30133,Bajo,56.0071821284793,0
30134,Bajo,55.6769702812887,2
30135,Medio,54.3375751932456,2
30136,Bajo,54.8417842803423,2
30137,Muy alto,48.2762994969318,1
30138,Muy bajo,59.1281255009264,0
30139,Medio,53.2000657144525,2
30140,Alto,50.2183598523816,1
30141,Medio,53.7020786815932,2
30142,Medio,52.6996858258936,2
30143,Medio,52.7185044833461,2
30144,Medio,52.7892231222939,2
30145,Bajo,54.9899881140144,2
30146,Medio,53.6295802826039,2
30147,Muy alto,47.7079011686475,1
30148,Bajo,55.2507396629776,2
30149,Muy alto,48.4459059100172,1
30150,Medio,53.1691224482705,2
30151,Alto,50.7005752486546,4
30152,Alto,51.7374201211856,2
30153,Medio,53.3830038144498,2
30154,Alto,52.1125407426388,2
30155,Muy alto,48.3527873628133,4
30156,Alto,51.5486067297685,1
30157,Muy alto,48.6788338046811,4
30158,Alto,52.3361651893187,4
30159,Muy alto,41.7826042040739,4
30160,Medio,53.4754164455517,2
30161,Alto,51.8961726927213,2
30162,Alto,50.2762036032996,1
30163,Alto,52.0366369006151,1
30164,Bajo,56.1153983050551,2
30165,Muy alto,47.8033673396414,4
30166,Medio,52.6832101379783,2
30167,Medio,53.6498530722075,2
30168,Muy alto,47.1039218402517,4
30169,Alto,52.5117591280733,2
30170,Muy alto,46.2967654177397,1
30171,Alto,50.0187751738277,1
30172,Alto,50.8699241154645,4
30173,Muy alto,48.6364470246558,4
30174,Bajo,55.5437587919481,2
30175,Medio,53.1694221476492,2
30176,Medio,52.903681218288,2
30177,Alto,52.1026897541718,1
30178,Medio,54.5505881805022,2
30179,Medio,54.0605852526015,2
30180,Muy alto,48.1120254634698,4
30181,Medio,54.0408778972904,2
30182,Bajo,55.5016247757763,2
30183,Bajo,55.2632775896954,2
30184,Alto,49.3751418055862,1
30185,Medio,52.6663387561566,2
30186,Bajo,54.9961271865583,2
30187,Alto,52.3907169934593,1
30188,Medio,52.96441307016,2
30189,Muy bajo,56.6910782717395,0
30190,Medio,53.4232356540971,2
30191,Muy bajo,57.7183789417571,0
30192,Bajo,55.8690284800342,2
30193,Muy bajo,59.273734510766,0
30194,Medio,53.0742946419513,2
30195,Muy alto,48.1558708745428,1
30196,Bajo,55.2821233334062,2
30197,Medio,52.7375604419443,2
30198,Alto,48.9017604313953,1
30199,Medio,54.3045480281877,2
30200,Medio,54.1251349689615,2
30201,Alto,48.799211329358,1
30202,Muy alto,47.0184151832003,1
30203,Muy alto,46.5392743680699,4
30204,Bajo,56.4553040260628,0
30205,Bajo,55.9630391153659,2
30206,Muy bajo,58.7087524845057,0
30207,Medio,53.92190547191,2
30208,Bajo,56.466983669733,0
30209,Alto,51.5277834268462,1
30210,Alto,51.3426000802611,1
30211,Bajo,55.4182661230762,2
30212,Alto,49.9173360273285,1
31001,Alto,52.0644029722264,2
31002,Bajo,55.083317191263,2
31003,Medio,53.8228606441541,2
31004,Bajo,55.0269348194927,2
31005,Medio,54.383083000654,2
31006,Medio,54.1461302464,2
31007,Bajo,56.2566657520727,0
31008,Alto,52.1191022224473,2
31009,Medio,53.7285104726297,2
31010,Alto,49.0618522491806,1
31011,Bajo,55.2011694096428,2
31012,Medio,53.7340024023425,2
31013,Muy bajo,58.8830841950992,0
31014,Alto,52.6031192064331,2
31015,Alto,51.7112428233544,2
31016,Alto,52.3038560460195,2
31017,Alto,49.8884484015607,1
31018,Alto,52.5760722796216,2
31019,Alto,48.7793371874385,1
31020,Bajo,55.6889639392364,2
31021,Alto,50.1713292322921,2
31022,Alto,49.0889458378362,1
31023,Bajo,54.8270678530427,2
31024,Alto,51.2264456097306,2
31025,Bajo,54.9583229625714,2
31026,Bajo,55.0888696794745,2
31027,Muy bajo,56.7109714416638,0
31028,Bajo,54.9039494576125,2
31029,Bajo,55.4621829769392,2
31030,Alto,49.2620186668522,2
31031,Alto,51.2622940367818,2
31032,Alto,52.251815023814,2
31033,Alto,52.1099507305459,2
31034,Alto,50.9666741662071,2
31035,Medio,52.6601571389383,2
31036,Medio,53.0303898657951,2
31037,Medio,54.0880772842783,2
31038,Medio,54.4931812120775,2
31039,Bajo,55.1057406418157,2
31040,Bajo,55.0226455444762,2
31041,Muy bajo,58.1220187891718,0
31042,Alto,52.5371522522648,2
31043,Alto,51.9408331092958,2
31044,Medio,53.8417356501315,2
31045,Bajo,54.6742960350614,2
31046,Alto,51.8632356982559,2
31047,Alto,51.9982247690659,2
31048,Medio,53.775413786013,2
31049,Muy alto,46.5053986922235,3
31050,Muy bajo,59.9136202879157,0
31051,Bajo,55.489157746077,2
31052,Bajo,55.3838778121845,2
31053,Bajo,55.2898211359705,2
31054,Medio,53.9250031289327,2
31055,Medio,53.7479749863579,2
31056,Medio,53.4986471068607,2
31057,Medio,54.5529252086478,2
31058,Medio,53.4322397498304,2
31059,Muy bajo,57.6372012213706,0
31060,Medio,53.3604242980965,2
31061,Medio,54.1858680286034,2
31062,Medio,53.8611209868849,2
31063,Medio,53.7658150156367,2
31064,Medio,53.8418070724091,2
31065,Bajo,55.8982553989578,2
31066,Alto,51.8906868964079,2
31067,Bajo,55.445318645897,0
31068,Medio,54.3185875212958,2
31069,Alto,52.1657962742296,2
31070,Medio,54.5580867667941,2
31071,Alto,52.1308633542215,2
31072,Bajo,55.3705088828567,2
31073,Alto,49.4453324912743,1
31074,Medio,53.4107347662162,2
31075,Alto,50.657433654324,2
31076,Medio,52.9894936634856,2
31077,Alto,50.6677580363417,2
31078,Medio,52.699620408264,2
31079,Medio,53.7973245706733,2
31080,Medio,54.1478164371423,2
31081,Alto,50.9301522867029,2
31082,Bajo,55.3705998474218,2
31083,Bajo,55.268992057507,2
31084,Medio,53.2971545292461,2
31085,Alto,51.7476566748206,2
31086,Alto,50.617111523905,2
31087,Alto,51.1397437500784,2
31088,Alto,52.5405473360637,2
31089,Bajo,56.0262301483597,0
31090,Alto,51.8840725621149,2
31091,Medio,53.4527508801609,2
31092,Alto,48.9457723262077,1
31093,Muy bajo,56.8232198029765,0
31094,Alto,50.5089680215383,2
31095,Bajo,55.0001326669543,2
31096,Medio,53.4162083988111,2
31097,Alto,51.5400208621158,2
31098,Medio,53.404542909139,2
31099,Alto,49.6852777840841,1
31100,Medio,54.3792227958554,2
31101,Muy bajo,57.1401154036144,0
31102,Medio,54.5170751115967,2
31103,Alto,51.4620460751333,2
31104,Alto,49.3282473222593,1
31105,Bajo,55.8128582131954,2
31106,Medio,54.3573427494902,2
32001,Bajo,55.8369468594386,2
32002,Bajo,54.9584352941588,2
32003,Bajo,56.3166482612223,2
32004,Bajo,56.0659289901139,2
32005,Muy bajo,58.5021418476113,0
32006,Muy bajo,57.4868772754336,0
32007,Muy bajo,58.091735398705,0
32008,Bajo,56.523245295041,0
32009,Bajo,56.0677832371266,2
32010,Muy bajo,58.0156378810876,0
32011,Bajo,56.5318720947488,0
32012,Medio,54.0866108312078,2
32013,Bajo,56.5051037229595,2
32014,Bajo,56.3053100855622,2
32015,Bajo,55.2293121333621,2
32016,Bajo,54.984672540717,2
32017,Muy bajo,59.9701297323817,0
32018,Bajo,55.7099032382257,2
32019,Muy bajo,57.4091916850675,0
32020,Muy bajo,58.3051129047624,0
32021,Alto,51.6941690263279,2
32022,Muy bajo,57.6334323911871,0
32023,Muy bajo,57.7246132752812,0
32024,Muy bajo,57.4878453167782,0
32025,Muy bajo,57.0955779967321,0
32026,Medio,53.942804550421,2
32027,Medio,54.2063800946685,2
32028,Bajo,55.5519898024995,2
32029,Muy bajo,57.5407174343056,0
32030,Bajo,56.4136637416333,2
32031,Bajo,56.0908848267684,2
32032,Muy bajo,58.5232435073699,0
32033,Bajo,55.9501793832225,2
32034,Muy bajo,57.6771504130737,0
32035,Bajo,55.2669970443873,2
32036,Bajo,56.4313744592673,0
32037,Bajo,55.136736951268,2
32038,Medio,54.2747962240987,2
32039,Muy bajo,57.6814077850477,0
32040,Bajo,55.8668873250988,2
32041,Alto,52.5728580397351,2
32042,Muy bajo,57.2527914433674,0
32043,Medio,54.5594454259276,2
32044,Muy bajo,56.7716067832619,2
32045,Bajo,56.4735109575509,2
32046,Bajo,55.6653788450576,2
32047,Muy bajo,56.9215124815505,0
32048,Muy bajo,57.5596733436326,0
32049,Bajo,54.7415027947388,2
32050,Bajo,56.1901174668915,2
32051,Bajo,55.7077961430648,2
32052,Muy bajo,57.3528509139622,0
32053,Bajo,56.4519056192696,0
32054,Bajo,55.044146321649,2
32055,Muy bajo,56.7470582490846,2
32056,Muy bajo,60.1761907534925,0
32057,Muy bajo,56.9580726388201,0
32058,Bajo,56.0558028216658,2
