CVE_MUN,GM,IM,SOM labels
01001,Muy bajo,-1.676,1
01005,Muy bajo,-1.256,1
01003,Bajo,-0.698,1
01007,Bajo,-1.045,1
01006,Muy bajo,-1.129,1
01002,Bajo,-0.565,0
01011,Muy bajo,-1.156,1
01009,Bajo,-0.595,0
01010,Bajo,-0.614,0
01004,Bajo,-0.674,0
01008,Bajo,-0.735,0
02004,Muy bajo,-1.708,1
02002,Muy bajo,-1.648,1
02001,Muy bajo,-1.323,1
02003,Muy bajo,-1.408,1
02005,Muy bajo,-1.463,1
03008,Muy bajo,-1.296,1
03003,Muy bajo,-1.658,1
03001,Bajo,-1.017,1
03002,Bajo,-1.051,1
03009,Muy bajo,-1.345,1
04002,Muy bajo,-1.281,1
04003,Muy bajo,-1.186,1
04004,Medio,-0.159,1
04009,Medio,-0.174,1
04001,Medio,-0.248,1
04011,Alto,0.769,2
04006,Alto,0.361,2
04005,Medio,-0.291,1
04010,Alto,0.706,2
04008,Medio,-0.133,1
04007,Alto,0.164,0
05030,Muy bajo,-1.823,1
05035,Muy bajo,-1.722,1
05018,Muy bajo,-1.836,1
05025,Muy bajo,-1.531,1
05002,Muy bajo,-1.353,1
05017,Muy bajo,-1.098,1
05033,Bajo,-0.823,1
05027,Muy bajo,-1.73,1
05010,Muy bajo,-1.663,1
05020,Muy bajo,-1.34,1
05028,Muy bajo,-1.678,1
05009,Bajo,-1.021,1
05024,Bajo,-0.972,1
05032,Muy bajo,-1.61,1
05022,Muy bajo,-1.401,1
05006,Muy bajo,-1.484,1
05031,Muy bajo,-1.76,1
05004,Bajo,-0.849,1
05003,Muy bajo,-1.6,1
05036,Medio,-0.38,0
05007,Bajo,-0.992,1
05038,Muy bajo,-1.261,1
05011,Bajo,-0.624,0
05023,Bajo,-0.757,0
05014,Medio,-0.448,0
05019,Muy bajo,-1.427,1
05034,Bajo,-1.014,0
05021,Muy bajo,-1.106,0
05037,Muy bajo,-1.186,1
05026,Bajo,-0.819,0
05008,Bajo,-0.773,0
05029,Muy bajo,-1.077,0
05016,Bajo,-1.012,0
05005,Bajo,-0.647,0
05012,Bajo,-0.673,0
05015,Bajo,-0.958,0
05013,Bajo,-0.796,0
05001,Muy bajo,-1.184,0
06007,Muy bajo,-1.509,1
06002,Muy bajo,-1.595,1
06010,Muy bajo,-1.801,1
06009,Bajo,-0.716,1
06005,Muy bajo,-1.285,1
06001,Medio,-0.481,1
06003,Bajo,-0.873,1
06004,Bajo,-0.952,1
06008,Bajo,-0.762,0
06006,Medio,-0.261,0
07101,Muy bajo,-1.29,1
07089,Bajo,-0.577,1
07059,Muy alto,1.417,2
07078,Bajo,-0.729,1
07019,Medio,-0.235,1
07031,Muy alto,2.238,3
07052,Muy alto,1.393,3
07065,Alto,0.475,2
07108,Alto,0.205,2
07027,Medio,-0.198,1
07061,Alto,0.379,1
07097,Medio,-0.028,1
07023,Muy alto,1.993,3
07017,Medio,0.004,1
07107,Alto,0.772,2
07096,Muy alto,1.589,3
07099,Alto,0.681,2
07034,Alto,0.336,2
07057,Alto,0.258,2
07106,Alto,0.851,2
07077,Muy alto,1.484,3
07040,Alto,0.141,1
07069,Alto,0.51,2
07012,Alto,0.152,1
07064,Muy alto,2.078,3
07051,Alto,0.249,2
07020,Alto,1.063,2
07015,Alto,0.092,2
07074,Bajo,-0.901,1
07041,Alto,0.515,2
07081,Muy alto,1.564,3
07093,Muy alto,1.266,3
07094,Alto,1.097,2
07102,Alto,0.298,2
07092,Alto,0.788,2
07111,Muy alto,1.692,3
07009,Medio,-0.27,1
07026,Muy alto,1.958,3
07079,Alto,0.22,2
07046,Alto,0.28,2
07087,Alto,0.581,2
07109,Muy alto,1.347,2
07080,Alto,0.992,3
07037,Alto,0.513,2
07013,Alto,0.658,2
07112,Muy alto,2.6,3
07030,Alto,0.789,2
07100,Muy alto,1.557,3
07004,Muy alto,1.412,2
07072,Alto,0.849,2
07032,Alto,0.314,2
07103,Alto,0.616,3
07002,Alto,0.276,1
07068,Alto,0.123,1
07006,Alto,0.508,3
07054,Alto,0.822,2
07071,Alto,0.73,2
07003,Alto,0.739,2
07075,Muy alto,1.394,2
07008,Alto,0.72,2
07044,Alto,0.483,2
07076,Muy alto,1.872,3
07086,Medio,0.026,1
07049,Alto,1.206,3
07038,Alto,1.024,3
07039,Muy alto,1.249,3
07014,Muy alto,1.261,3
07066,Muy alto,2.479,3
07021,Alto,0.403,2
07048,Medio,0.012,0
07047,Alto,0.776,3
07114,Alto,0.926,2
07011,Alto,0.644,3
07005,Muy alto,1.398,3
07083,Alto,0.862,3
07062,Alto,0.72,3
07001,Alto,0.237,2
07016,Alto,0.578,2
07022,Muy alto,2.853,3
07105,Alto,0.416,2
07104,Alto,0.535,2
07035,Alto,0.579,2
07070,Alto,0.484,3
07082,Muy alto,3.947,3
07115,Muy alto,1.689,3
07091,Medio,-0.018,1
07060,Muy alto,1.846,3
07024,Muy alto,1.475,2
07067,Muy alto,1.302,3
07056,Muy alto,2.121,3
07116,Alto,1.182,3
07042,Alto,0.49,3
07043,Alto,0.596,2
07085,Alto,0.292,2
07007,Muy alto,2.191,3
07073,Alto,0.509,1
07018,Alto,0.746,3
07084,Alto,0.863,3
07053,Alto,0.348,2
07117,Alto,1.01,3
07025,Alto,0.343,2
07010,Alto,1.08,3
07033,Alto,1.11,3
07098,Muy alto,1.435,3
07110,Muy alto,1.31,3
07036,Alto,0.482,2
07113,Alto,1.173,3
07028,Alto,1.005,3
07055,Medio,0.002,0
07045,Alto,0.845,3
07118,Muy alto,1.336,3
07029,Medio,-0.022,0
07050,Alto,0.323,2
07058,Muy alto,1.259,3
07090,Alto,0.444,2
07119,Muy alto,1.566,3
07063,Medio,0.019,0
07088,Alto,0.636,3
08037,Muy bajo,-1.522,1
08019,Muy bajo,-1.909,1
08017,Muy bajo,-1.472,1
08021,Muy bajo,-1.587,1
08032,Muy bajo,-1.587,1
08050,Muy bajo,-1.57,1
08029,Muy alto,2.217,3
08011,Muy bajo,-1.402,1
08027,Muy alto,2.36,2
08045,Muy bajo,-1.24,1
08036,Muy bajo,-1.37,1
08031,Bajo,-0.513,1
08062,Muy bajo,-1.227,0
08040,Bajo,-0.833,1
08052,Muy bajo,-1.513,1
08009,Alto,0.838,1
08005,Bajo,-0.957,1
08002,Muy bajo,-1.495,1
08010,Bajo,-0.717,1
08048,Bajo,-0.938,0
08065,Muy alto,3.264,3
08055,Bajo,-0.962,0
08007,Muy alto,2.369,3
08004,Muy bajo,-1.467,1
08001,Muy bajo,-1.164,1
08013,Bajo,-0.969,1
08008,Muy alto,5.027,3
08035,Bajo,-0.89,0
08060,Muy bajo,-1.529,1
08012,Muy alto,3.957,3
08025,Muy bajo,-1.127,1
08003,Bajo,-0.954,0
08054,Bajo,-0.918,0
08046,Muy alto,2.053,3
08051,Medio,-0.205,0
08020,Alto,0.686,0
08030,Alto,0.924,0
08034,Bajo,-0.834,0
08063,Alto,0.625,0
08006,Bajo,-0.8,0
08066,Muy alto,1.521,3
08023,Bajo,-0.63,0
08053,Bajo,-0.637,0
08028,Bajo,-0.857,0
08067,Bajo,-0.75,0
08047,Alto,0.191,0
08059,Muy bajo,-1.088,0
08018,Bajo,-0.706,0
08038,Bajo,-0.785,0
08044,Bajo,-0.759,0
08024,Bajo,-0.822,0
08039,Bajo,-0.782,0
08016,Bajo,-1.007,0
08061,Bajo,-0.737,0
08043,Bajo,-0.649,0
08049,Alto,0.096,0
08022,Medio,-0.492,0
08058,Muy bajo,-1.157,0
08026,Bajo,-0.616,0
08057,Medio,-0.378,0
08014,Bajo,-0.821,0
08056,Medio,-0.236,0
08064,Medio,-0.132,0
08015,Bajo,-0.603,0
08041,Muy alto,1.639,3
08042,Bajo,-0.637,0
08033,Medio,-0.307,0
09007,Muy bajo,-1.627,1
09005,Muy bajo,-1.728,1
09010,Muy bajo,-1.779,1
09012,Muy bajo,-1.738,1
09003,Muy bajo,-1.994,1
09015,Muy bajo,-1.951,1
09017,Muy bajo,-1.811,1
09014,Muy bajo,-2.228,1
09013,Muy bajo,-1.527,1
09002,Muy bajo,-1.871,1
09006,Muy bajo,-1.885,1
09016,Muy bajo,-2.131,1
09011,Muy bajo,-1.537,1
09008,Muy bajo,-1.657,1
09004,Muy bajo,-1.822,1
09009,Bajo,-1.029,1
10005,Muy bajo,-1.585,1
10007,Muy bajo,-1.488,1
10012,Muy bajo,-1.215,1
10023,Alto,0.106,1
10032,Bajo,-0.676,1
10014,Muy alto,4.845,3
10004,Bajo,-0.728,0
10008,Bajo,-1.018,1
10001,Bajo,-0.822,0
10039,Bajo,-1.001,1
10034,Muy alto,1.624,3
10013,Bajo,-0.746,1
10022,Bajo,-0.846,1
10036,Bajo,-0.791,1
10038,Muy bajo,-1.117,1
10016,Bajo,-0.731,0
10026,Medio,-0.26,0
10024,Bajo,-0.521,0
10015,Medio,-0.404,0
10028,Bajo,-0.564,0
10020,Bajo,-0.761,0
10018,Muy bajo,-1.093,1
10035,Alto,0.144,0
10021,Bajo,-0.703,1
10006,Medio,-0.113,0
10009,Alto,0.233,0
10017,Bajo,-0.561,0
10037,Alto,0.321,0
10031,Medio,-0.43,0
10033,Medio,-0.218,0
10027,Alto,0.126,0
10019,Alto,0.956,2
10011,Medio,-0.444,0
10002,Alto,0.45,0
10003,Medio,-0.419,0
10010,Bajo,-0.689,0
10025,Medio,-0.103,0
10029,Medio,-0.482,0
10030,Bajo,-0.503,0
11020,Muy bajo,-1.494,1
11017,Muy bajo,-1.276,1
11007,Muy bajo,-1.386,1
11027,Muy bajo,-1.296,1
11037,Bajo,-0.785,1
11015,Muy bajo,-1.272,1
11003,Bajo,-0.611,1
11014,Medio,-0.268,1
11023,Medio,-0.304,0
11042,Bajo,-0.55,1
11033,Medio,-0.246,1
11031,Bajo,-1.064,1
11030,Medio,-0.044,0
11002,Bajo,-0.861,1
11028,Bajo,-0.639,1
11011,Bajo,-0.967,1
11005,Bajo,-0.803,1
11001,Medio,-0.265,0
11035,Medio,-0.431,1
11009,Medio,-0.2,1
11025,Bajo,-1.004,1
11032,Bajo,-0.914,0
11046,Medio,-0.419,1
11004,Bajo,-0.643,1
11041,Bajo,-1.005,1
11026,Medio,-0.449,0
11044,Bajo,-1.02,1
11021,Muy bajo,-1.197,1
11019,Medio,-0.017,0
11029,Alto,0.27,0
11008,Medio,-0.425,1
11018,Bajo,-0.795,1
11039,Medio,-0.447,0
11012,Medio,-0.483,1
11013,Medio,-0.286,0
11022,Medio,-0.174,0
11016,Bajo,-0.527,0
11043,Medio,0.059,0
11040,Alto,0.413,0
11038,Bajo,-0.574,1
11010,Medio,-0.415,0
11024,Medio,-0.411,0
11045,Alto,0.677,2
11036,Medio,-0.388,0
11034,Alto,0.147,0
11006,Alto,0.627,0
12001,Bajo,-0.768,1
12029,Bajo,-0.733,1
12035,Bajo,-0.58,1
12028,Muy alto,1.791,3
12038,Bajo,-0.637,1
12055,Medio,-0.285,1
12066,Alto,0.619,1
12021,Alto,0.56,2
12012,Muy alto,2.075,2
12046,Alto,0.769,2
12057,Alto,0.102,1
12011,Alto,0.207,0
12058,Alto,0.604,2
12075,Alto,0.21,1
12053,Alto,0.915,2
12056,Alto,0.957,2
12048,Medio,-0.135,1
12052,Muy alto,2.066,3
12061,Alto,0.162,1
12022,Muy alto,1.324,2
12003,Muy alto,1.315,2
12050,Medio,-0.384,1
12032,Muy alto,1.806,3
12034,Alto,0.417,1
12076,Muy alto,2.632,3
12051,Muy alto,1.258,2
12059,Alto,0.582,2
12007,Medio,-0.14,1
12071,Muy alto,2.39,3
12054,Muy alto,2.583,3
12023,Alto,0.575,2
12010,Muy alto,2.295,3
12002,Muy alto,2.14,3
12068,Alto,0.437,0
12040,Alto,0.916,2
12041,Muy alto,1.665,3
12045,Muy alto,2.008,3
12039,Medio,0.078,1
12062,Muy alto,2.768,3
12074,Muy alto,1.862,3
12067,Alto,0.305,1
12030,Alto,0.446,1
12020,Muy alto,2.569,3
12027,Alto,1.02,3
12043,Muy alto,2.908,3
12004,Muy alto,2.554,3
12042,Muy alto,1.744,3
12078,Muy alto,4.744,3
12073,Muy alto,1.403,3
12079,Muy alto,3.324,3
12025,Muy alto,1.374,3
12014,Medio,-0.24,1
12033,Alto,0.129,2
12019,Muy alto,2.696,3
12013,Alto,1.066,3
12060,Alto,0.803,3
12018,Alto,0.351,1
12077,Alto,0.473,1
12017,Alto,0.156,0
12015,Bajo,-0.526,1
12049,Medio,-0.182,1
12044,Alto,0.184,1
12016,Muy alto,2.201,3
12064,Alto,0.199,0
12069,Muy alto,2.216,3
12036,Muy alto,1.275,3
12072,Muy alto,2.137,3
12006,Alto,0.154,1
12081,Muy alto,1.318,3
12063,Muy alto,2.196,3
12008,Muy alto,1.349,3
12026,Muy alto,1.366,3
12024,Alto,1.124,3
12080,Alto,0.983,3
12065,Muy alto,1.271,3
12070,Alto,0.935,3
12047,Muy alto,2.494,3
12005,Alto,0.558,3
12037,Alto,0.856,3
12031,Alto,1.197,3
12009,Muy alto,2.17,3
13048,Muy bajo,-1.675,1
13077,Muy bajo,-1.117,1
13051,Muy bajo,-1.524,0
13028,Medio,-0.07,0
13069,Muy bajo,-1.473,1
13076,Muy bajo,-1.38,1
13030,Bajo,-0.699,1
13063,Muy bajo,-1.086,1
13016,Medio,-0.299,0
13003,Bajo,-0.994,1
13061,Muy bajo,-1.487,1
13067,Bajo,-0.595,0
13041,Muy bajo,-1.086,1
13029,Bajo,-0.66,0
13083,Bajo,-1.019,0
13008,Bajo,-1.035,1
13002,Alto,0.668,3
13084,Medio,-0.446,0
13073,Alto,0.59,2
13046,Alto,0.162,2
13013,Muy bajo,-1.251,0
13059,Medio,-0.033,0
13056,Bajo,-1.056,1
13052,Bajo,-0.86,0
13023,Bajo,-1.068,1
13054,Bajo,-0.641,0
13081,Bajo,-0.658,1
13062,Alto,1.229,3
13010,Muy bajo,-1.451,1
13074,Muy bajo,-1.168,1
13012,Medio,-0.222,0
13027,Muy alto,1.486,3
13080,Muy alto,1.367,3
13018,Alto,0.285,2
13050,Muy bajo,-1.284,1
13025,Alto,0.389,2
13001,Medio,0.08,0
13006,Medio,0.047,0
13037,Alto,0.313,2
13011,Alto,0.482,2
13078,Muy alto,1.296,3
13070,Bajo,-0.907,1
13053,Alto,1.201,3
13009,Bajo,-0.65,0
13060,Alto,0.35,2
13082,Bajo,-0.948,1
13015,Medio,-0.233,0
13005,Bajo,-0.88,1
13019,Medio,-0.296,0
13024,Medio,-0.207,0
13049,Alto,0.699,3
13014,Alto,0.389,2
13055,Medio,-0.436,0
13044,Medio,-0.139,0
13075,Muy bajo,-1.094,1
13058,Medio,-0.215,0
13057,Medio,-0.111,0
13068,Alto,0.951,3
13021,Muy bajo,-1.279,1
13022,Bajo,-0.883,0
13039,Muy bajo,-1.204,1
13026,Alto,0.447,2
13017,Alto,0.272,0
13031,Alto,0.113,0
13066,Bajo,-0.975,1
13007,Medio,-0.325,0
13032,Medio,0.044,1
13035,Medio,-0.277,0
13065,Muy bajo,-1.176,1
13042,Medio,-0.041,0
13064,Bajo,-0.747,0
13071,Alto,0.339,0
13072,Muy bajo,-1.442,1
13040,Alto,1.035,3
13045,Medio,-0.147,0
13034,Alto,0.564,2
13036,Medio,-0.053,0
13004,Alto,0.144,0
13038,Alto,0.087,0
13079,Medio,0.08,0
13043,Alto,0.321,0
13047,Alto,0.381,2
13033,Medio,-0.025,0
13020,Medio,0.062,0
14039,Muy bajo,-1.862,1
14120,Muy bajo,-1.795,1
14098,Muy bajo,-1.495,1
14097,Muy bajo,-1.554,1
14101,Muy bajo,-1.459,1
14067,Muy bajo,-1.639,1
14070,Muy bajo,-1.24,1
14053,Bajo,-0.939,1
14093,Muy bajo,-1.371,1
14023,Muy bajo,-1.604,1
14063,Muy bajo,-1.355,1
14083,Muy bajo,-1.241,1
14008,Muy bajo,-1.096,1
14073,Muy bajo,-1.121,1
14124,Bajo,-0.969,1
14018,Bajo,-1.071,1
14006,Muy bajo,-1.176,1
14015,Muy bajo,-1.288,1
14013,Muy bajo,-1.17,1
14035,Bajo,-0.815,1
14044,Muy bajo,-1.202,1
14066,Bajo,-0.659,1
14030,Muy bajo,-1.341,1
14050,Bajo,-1.023,1
14094,Muy bajo,-1.086,1
14022,Bajo,-0.84,1
14091,Bajo,-0.788,1
14085,Bajo,-1.04,1
14016,Bajo,-0.688,1
14082,Muy bajo,-1.257,1
14100,Bajo,-0.546,0
14108,Bajo,-1.06,1
14046,Bajo,-1.061,1
14078,Bajo,-1.059,1
14064,Bajo,-0.543,1
14121,Muy bajo,-1.176,1
14119,Bajo,-0.898,1
14077,Bajo,-0.982,0
14024,Bajo,-1.025,1
14047,Bajo,-0.992,1
14043,Bajo,-0.71,0
14037,Muy bajo,-1.355,1
14003,Muy bajo,-1.325,1
14105,Bajo,-0.926,1
14055,Bajo,-1.038,1
14118,Bajo,-0.879,1
14002,Muy bajo,-1.392,1
14021,Bajo,-0.841,1
14001,Bajo,-0.824,1
14033,Bajo,-0.81,1
14096,Bajo,-0.71,1
14116,Muy bajo,-1.127,1
14009,Muy bajo,-1.265,1
14036,Muy bajo,-1.255,1
14086,Bajo,-0.577,0
14048,Bajo,-0.677,1
14061,Muy alto,3.03,3
14045,Bajo,-0.616,0
14125,Bajo,-0.812,1
14027,Alto,0.815,2
14029,Medio,-0.333,0
14051,Muy bajo,-1.363,1
14109,Bajo,-0.606,1
14123,Medio,-0.484,0
14025,Muy bajo,-1.181,1
14114,Bajo,-0.896,1
14088,Bajo,-1.011,1
14087,Bajo,-0.865,1
14113,Medio,-0.493,0
14074,Muy bajo,-1.196,1
14005,Muy bajo,-1.12,1
14084,Bajo,-0.857,1
14058,Muy bajo,-1.144,1
14079,Bajo,-0.936,1
14059,Bajo,-0.951,1
14110,Muy bajo,-1.156,1
14017,Bajo,-0.838,1
14065,Bajo,-0.571,1
14068,Medio,-0.441,1
14092,Medio,-0.434,0
14099,Medio,-0.048,0
14020,Medio,-0.378,0
14049,Medio,-0.09,0
14040,Medio,-0.272,0
14095,Bajo,-0.836,0
14007,Bajo,-1.017,1
14042,Medio,0.077,0
14069,Medio,-0.107,0
14014,Bajo,-0.542,1
14103,Bajo,-0.793,0
14072,Bajo,-0.804,1
14019,Muy alto,2.702,3
14122,Alto,0.129,0
14090,Bajo,-0.825,0
14111,Bajo,-1.02,0
14010,Bajo,-0.615,1
14107,Bajo,-0.808,0
14032,Medio,-0.29,0
14026,Bajo,-0.666,0
14102,Bajo,-0.77,0
14080,Medio,-0.47,0
14052,Bajo,-0.546,0
14041,Bajo,-0.5,0
14011,Medio,-0.22,0
14115,Alto,0.214,0
14112,Bajo,-0.751,0
14004,Bajo,-0.769,0
14054,Bajo,-0.823,0
14060,Bajo,-0.588,0
14104,Medio,-0.479,0
14106,Medio,-0.036,0
14038,Bajo,-0.558,0
14117,Bajo,-0.594,0
14012,Bajo,-0.88,0
14075,Bajo,-0.853,0
14089,Bajo,-0.621,0
14057,Bajo,-0.908,0
14062,Bajo,-0.522,0
14031,Alto,0.968,2
14076,Bajo,-0.501,0
14071,Medio,-0.334,0
14081,Medio,-0.221,0
14028,Bajo,-0.627,0
14056,Alto,0.579,0
14034,Bajo,-0.759,0
15033,Muy bajo,-1.588,1
15058,Muy bajo,-1.579,1
15106,Muy bajo,-1.484,1
15057,Muy bajo,-1.576,1
15104,Muy bajo,-1.711,1
15031,Bajo,-1.073,1
15121,Muy bajo,-1.891,1
15013,Muy bajo,-1.73,1
15109,Muy bajo,-1.668,1
15039,Muy bajo,-1.385,1
15081,Muy bajo,-1.661,1
15060,Muy bajo,-1.315,1
15122,Bajo,-1.049,1
15025,Muy bajo,-1.114,1
15070,Bajo,-1.028,1
15020,Muy bajo,-2.013,1
15037,Muy bajo,-1.752,1
15099,Muy bajo,-1.49,1
15054,Muy bajo,-1.839,1
15029,Muy bajo,-1.463,1
15120,Muy bajo,-1.248,1
15118,Muy bajo,-1.188,1
15005,Medio,-0.402,0
15042,Medio,-0.253,1
15002,Muy bajo,-1.15,1
15108,Muy bajo,-1.636,1
15024,Muy bajo,-1.854,1
15051,Muy bajo,-1.175,1
15074,Alto,0.276,0
15035,Muy bajo,-1.403,1
15114,Alto,0.679,0
15087,Medio,-0.166,0
15014,Bajo,-0.733,1
15088,Medio,-0.411,0
15095,Muy bajo,-1.431,1
15124,Alto,0.538,2
15045,Medio,-0.269,0
15090,Bajo,-0.714,1
15067,Bajo,-0.599,0
15082,Medio,-0.1,0
15101,Bajo,-0.879,1
15076,Muy bajo,-1.43,1
15047,Medio,-0.305,0
15113,Medio,-0.073,0
15091,Muy bajo,-1.388,1
15062,Muy bajo,-1.23,1
15001,Alto,0.38,0
15110,Bajo,-0.789,1
15048,Bajo,-0.615,1
15085,Medio,-0.093,0
15011,Bajo,-1.009,1
15053,Muy bajo,-1.35,1
15092,Muy bajo,-1.29,1
15018,Muy bajo,-1.319,1
15111,Alto,0.308,0
15115,Muy bajo,-1.168,1
15009,Muy bajo,-1.08,1
15003,Alto,0.197,0
15103,Muy bajo,-1.334,1
15112,Medio,-0.067,0
15036,Bajo,-0.818,1
15023,Muy bajo,-1.215,1
15100,Bajo,-0.843,1
15021,Medio,0.018,0
15059,Bajo,-0.979,1
15084,Bajo,-0.88,1
15064,Medio,-0.366,0
15096,Muy bajo,-1.247,1
15040,Bajo,-0.524,1
15019,Muy bajo,-1.259,1
15065,Bajo,-1.009,0
15105,Alto,0.315,0
15063,Medio,-0.049,0
15032,Alto,0.789,2
15086,Alto,0.293,0
15015,Medio,-0.483,1
15093,Bajo,-1.017,1
15056,Alto,0.424,2
15043,Bajo,-0.694,1
15010,Muy bajo,-1.208,1
15028,Bajo,-1.04,1
15068,Bajo,-0.811,1
15026,Medio,0.013,0
15123,Alto,0.379,0
15044,Muy bajo,-1.634,1
15016,Bajo,-0.668,0
15052,Medio,-0.38,0
15073,Muy bajo,-1.673,1
15075,Muy bajo,-1.221,1
15080,Alto,0.509,0
15008,Alto,0.332,0
15030,Muy bajo,-1.247,1
15050,Bajo,-0.785,1
15007,Medio,-0.067,0
15094,Bajo,-0.706,1
15097,Alto,0.136,0
15046,Bajo,-0.826,0
15119,Alto,0.543,2
15102,Bajo,-0.56,0
15117,Alto,0.749,2
15004,Alto,0.16,0
15022,Bajo,-1.064,1
15049,Medio,-0.245,0
15071,Medio,-0.491,0
15079,Medio,-0.372,0
15072,Muy bajo,-1.298,1
15083,Muy bajo,-1.183,1
15055,Muy bajo,-1.371,1
15089,Bajo,-1.032,1
15107,Bajo,-0.933,1
15012,Muy bajo,-1.091,1
15027,Muy bajo,-1.491,1
15038,Bajo,-0.637,0
15006,Bajo,-1.05,1
15017,Bajo,-0.792,0
15125,Bajo,-1.072,1
15078,Medio,-0.297,0
15034,Bajo,-0.506,1
15061,Bajo,-0.807,0
15041,Alto,0.758,2
15077,Medio,-0.091,0
15098,Bajo,-0.782,0
15116,Medio,-0.428,0
15069,Muy bajo,-1.213,0
15066,Alto,0.249,0
16053,Muy bajo,-1.466,1
16102,Muy bajo,-1.107,1
16108,Bajo,-0.969,1
16052,Muy bajo,-1.261,1
16112,Bajo,-0.626,1
16006,Bajo,-0.578,1
16034,Medio,-0.257,1
16088,Bajo,-0.915,0
16069,Muy bajo,-1.22,1
16066,Bajo,-0.638,1
16050,Medio,-0.182,1
16082,Bajo,-0.572,1
16076,Muy bajo,-1.1,1
16107,Bajo,-0.999,1
16043,Bajo,-0.934,1
16075,Bajo,-0.571,1
16071,Medio,-0.387,1
16079,Medio,-0.012,1
16012,Medio,-0.125,1
16110,Medio,-0.337,0
16055,Medio,-0.303,1
16038,Alto,0.367,1
16025,Alto,0.186,2
16065,Medio,-0.05,1
16009,Medio,-0.418,1
16035,Alto,0.259,2
16017,Alto,0.096,0
16085,Medio,-0.303,1
16045,Bajo,-0.914,1
16097,Alto,0.679,2
16106,Bajo,-0.8,1
16083,Medio,-0.317,0
16020,Medio,-0.288,0
16084,Alto,0.172,1
16056,Alto,0.784,2
16073,Medio,-0.266,1
16068,Bajo,-0.868,1
16093,Alto,0.278,0
16098,Medio,-0.241,0
16064,Alto,0.276,2
16113,Medio,-0.407,0
16008,Muy alto,1.551,3
16103,Bajo,-0.582,1
16061,Alto,0.211,0
16089,Medio,-0.439,1
16033,Medio,-0.229,1
16010,Medio,-0.049,1
16022,Bajo,-0.553,0
16003,Medio,-0.486,1
16047,Medio,-0.076,0
16016,Medio,0.047,0
16105,Bajo,-0.724,1
16058,Bajo,-0.835,1
16062,Medio,-0.292,1
16080,Medio,-0.028,0
16024,Alto,0.134,1
16019,Bajo,-0.665,1
16015,Medio,-0.063,1
16049,Alto,0.724,2
16077,Alto,0.614,2
16111,Medio,-0.108,0
16104,Medio,-0.173,0
16040,Medio,-0.167,1
16067,Medio,-0.083,0
16031,Alto,0.092,0
16063,Medio,-0.192,0
16029,Alto,1.094,3
16099,Alto,0.689,3
16086,Bajo,-0.724,1
16032,Medio,-0.049,0
16070,Bajo,-1.005,1
16002,Medio,0.036,1
16041,Alto,0.09,0
16004,Medio,-0.313,0
16090,Medio,-0.341,1
16087,Bajo,-0.632,1
16091,Bajo,-0.606,1
16100,Medio,-0.115,0
16014,Medio,-0.466,1
16046,Medio,-0.101,0
16072,Medio,-0.469,1
16051,Muy bajo,-1.191,1
16092,Muy alto,1.237,3
16030,Medio,-0.358,0
16042,Medio,-0.102,0
16078,Medio,-0.359,1
16044,Medio,-0.219,0
16021,Alto,0.844,3
16095,Bajo,-0.814,1
16036,Medio,-0.467,1
16001,Medio,-0.219,1
16011,Bajo,-0.589,0
16005,Medio,-0.209,0
16074,Medio,-0.45,1
16023,Medio,-0.495,1
16060,Medio,-0.474,0
16013,Alto,0.658,2
16018,Medio,-0.368,0
16101,Muy alto,1.338,3
16039,Medio,-0.404,0
16081,Alto,0.975,3
16057,Alto,0.855,2
16037,Medio,0.011,0
16059,Medio,-0.106,0
16054,Medio,-0.143,0
16096,Alto,0.786,2
16094,Medio,-0.101,0
16048,Medio,-0.438,0
16026,Alto,0.458,0
16028,Medio,-0.454,0
16027,Alto,0.191,0
16007,Alto,0.209,0
16109,Medio,-0.431,0
17007,Muy bajo,-1.674,1
17011,Muy bajo,-1.461,1
17006,Muy bajo,-1.146,1
17018,Bajo,-1.044,1
17029,Bajo,-1.017,1
17008,Muy bajo,-1.144,1
17004,Bajo,-0.636,1
17028,Bajo,-0.865,1
17017,Bajo,-0.688,1
17012,Muy bajo,-1.078,1
17030,Bajo,-0.668,1
17024,Bajo,-0.729,1
17020,Bajo,-0.601,1
17031,Muy bajo,-1.423,1
17003,Medio,-0.062,1
17025,Bajo,-0.747,1
17019,Medio,-0.335,1
17015,Medio,-0.396,1
17002,Medio,-0.422,1
17022,Bajo,-0.614,1
17009,Bajo,-0.748,1
17016,Medio,-0.138,0
17001,Bajo,-0.534,0
17026,Bajo,-0.562,1
17010,Bajo,-0.543,0
17033,Medio,-0.442,1
17013,Bajo,-0.759,1
17027,Medio,-0.2,1
17014,Bajo,-0.527,0
17005,Medio,-0.209,0
17032,Bajo,-0.759,1
17021,Medio,-0.461,0
17023,Alto,0.184,0
18017,Muy bajo,-1.596,1
18020,Muy bajo,-1.311,1
18015,Bajo,-0.536,0
18004,Bajo,-0.954,1
18008,Muy bajo,-1.457,1
18012,Bajo,-0.574,0
18009,Muy alto,4.411,3
18016,Bajo,-0.705,0
18001,Bajo,-0.601,1
18010,Medio,-0.199,0
18018,Bajo,-0.912,1
18006,Muy bajo,-1.222,1
18011,Medio,-0.126,1
18014,Medio,-0.323,0
18007,Medio,-0.306,0
18002,Bajo,-0.937,1
18019,Muy alto,1.908,3
18005,Muy alto,2.048,3
18003,Bajo,-0.646,0
18013,Bajo,-0.66,0
19039,Muy bajo,-1.901,1
19026,Muy bajo,-1.918,1
19006,Muy bajo,-1.89,1
19046,Muy bajo,-2.095,1
19021,Muy bajo,-1.749,1
19031,Muy bajo,-1.621,1
19048,Muy bajo,-1.849,1
19018,Muy bajo,-1.622,1
19019,Muy bajo,-2.219,1
19009,Muy bajo,-1.563,1
19041,Muy bajo,-1.426,0
19033,Muy bajo,-1.169,1
19025,Muy bajo,-1.606,1
19038,Muy bajo,-1.431,1
19045,Muy bajo,-1.328,1
19012,Muy bajo,-1.552,1
19049,Muy bajo,-1.627,1
19017,Medio,-0.189,0
19010,Muy bajo,-1.435,1
19044,Muy bajo,-1.559,1
19004,Muy bajo,-1.616,1
19014,Medio,0.036,0
19005,Muy bajo,-1.095,1
19007,Alto,0.169,0
19022,Bajo,-0.93,1
19047,Muy bajo,-1.68,1
19013,Muy bajo,-1.261,1
19011,Muy bajo,-1.306,1
19036,Alto,0.422,2
19029,Muy bajo,-1.259,1
19024,Alto,0.595,2
19034,Muy bajo,-1.127,0
19020,Bajo,-1.027,0
19037,Bajo,-0.848,0
19032,Muy bajo,-1.261,1
19042,Bajo,-0.878,0
19051,Bajo,-0.834,0
19008,Bajo,-0.876,0
19030,Medio,-0.027,0
19016,Bajo,-0.845,0
19043,Alto,0.1,0
19001,Muy bajo,-1.125,0
19002,Bajo,-0.988,0
19027,Bajo,-0.76,0
19015,Bajo,-0.606,0
19050,Bajo,-0.665,0
19028,Bajo,-0.822,0
19003,Bajo,-0.776,0
19023,Bajo,-0.677,0
19040,Bajo,-0.945,0
19035,Muy bajo,-1.144,0
20067,Muy bajo,-1.52,1
20184,Bajo,-0.607,1
20043,Bajo,-0.646,1
20385,Bajo,-0.979,1
20079,Muy bajo,-1.134,1
20039,Bajo,-0.698,1
20515,Medio,-0.339,1
20482,Alto,0.227,1
20390,Muy bajo,-1.558,1
20318,Bajo,-0.557,1
20324,Alto,0.45,2
20334,Alto,0.333,2
20002,Alto,0.339,2
20413,Bajo,-0.686,1
20565,Medio,-0.137,1
20044,Medio,-0.276,1
20059,Medio,0.057,1
20397,Medio,-0.184,1
20057,Alto,0.285,1
20278,Alto,1.179,2
20469,Alto,0.975,2
20399,Bajo,-0.904,1
20073,Alto,0.107,0
20041,Muy alto,1.705,2
20198,Alto,1.216,3
20014,Bajo,-1.072,1
20134,Muy alto,1.62,3
20439,Alto,1.174,3
20085,Muy alto,2.414,3
20401,Medio,-0.171,1
20190,Alto,0.776,3
20107,Bajo,-0.928,1
20559,Alto,0.145,0
20551,Bajo,-0.573,1
20068,Medio,0.05,1
20023,Bajo,-0.544,1
20028,Alto,0.436,1
20406,Muy alto,3.13,3
20232,Muy alto,1.249,2
20570,Medio,0.014,1
20467,Alto,0.16,1
20207,Alto,1.136,3
20006,Medio,-0.213,1
20386,Muy alto,2.059,3
20124,Muy alto,1.353,2
20171,Muy alto,3.808,3
20350,Muy bajo,-1.788,1
20526,Alto,0.76,2
20205,Alto,1.18,3
20427,Alto,0.728,2
20447,Alto,0.721,3
20293,Muy bajo,-1.455,1
20364,Alto,0.431,2
20021,Medio,0.035,1
20227,Muy bajo,-1.151,1
20157,Muy bajo,-1.589,1
20557,Bajo,-0.817,1
20327,Alto,0.208,1
20005,Bajo,-0.516,1
20248,Muy alto,3.174,3
20010,Bajo,-0.805,0
20468,Alto,1.034,3
20418,Medio,-0.292,1
20058,Muy alto,1.865,3
20466,Muy alto,2.805,3
20150,Bajo,-0.807,1
20375,Muy bajo,-1.218,1
20450,Muy alto,2.154,3
20298,Medio,0.076,1
20277,Muy alto,1.479,3
20312,Muy alto,1.454,3
20242,Muy alto,2.711,3
20525,Medio,0.054,1
20125,Alto,0.702,3
20166,Medio,0.008,0
20309,Muy alto,1.996,3
20377,Alto,1.144,3
20136,Alto,0.307,0
20025,Medio,-0.236,1
20414,Alto,0.618,2
20549,Alto,0.498,2
20325,Alto,1.144,3
20509,Muy alto,1.694,3
20338,Bajo,-0.935,1
20131,Alto,0.533,2
20012,Muy alto,1.86,3
20483,Medio,-0.404,1
20553,Bajo,-0.717,1
20188,Alto,1.103,2
20307,Alto,0.321,0
20177,Alto,0.25,2
20016,Muy alto,3.052,3
20545,Bajo,-0.684,1
20475,Alto,0.825,3
20417,Alto,0.383,2
20083,Bajo,-0.903,1
20295,Bajo,-0.624,1
20513,Alto,0.294,1
20115,Bajo,-0.896,0
20407,Muy alto,2.211,3
20026,Alto,0.433,2
20143,Alto,0.096,1
20437,Alto,0.855,3
20409,Muy bajo,-1.614,1
20185,Alto,0.166,0
20441,Alto,0.368,1
20426,Muy alto,1.525,3
20030,Muy bajo,-1.325,1
20310,Alto,0.7,0
20266,Alto,0.757,2
20348,Alto,0.832,3
20500,Alto,0.507,2
20229,Muy alto,1.988,3
20045,Bajo,-1.005,0
20042,Medio,-0.165,0
20275,Alto,1.102,3
20505,Bajo,-0.618,1
20135,Medio,-0.084,0
20540,Bajo,-0.688,1
20141,Alto,0.651,3
20261,Alto,1.176,3
20064,Alto,0.482,2
20105,Alto,0.41,2
20234,Muy alto,1.999,3
20009,Alto,0.377,2
20031,Alto,0.863,3
20294,Bajo,-0.98,1
20520,Alto,0.254,2
20070,Alto,0.667,1
20498,Muy alto,1.452,3
20178,Bajo,-0.647,0
20072,Alto,1.068,2
20265,Alto,1.121,3
20208,Alto,1.094,3
20300,Alto,0.715,3
20560,Alto,0.679,3
20537,Alto,0.386,2
20272,Alto,0.577,1
20392,Muy alto,2.02,3
20040,Muy alto,2.947,3
20090,Alto,0.192,0
20225,Muy alto,1.453,3
20446,Muy alto,1.392,3
20052,Medio,0.008,0
20103,Alto,0.759,1
20543,Muy alto,1.255,3
20546,Alto,0.548,2
20210,Alto,0.67,3
20539,Bajo,-0.695,0
20550,Alto,0.219,0
20036,Alto,0.768,3
20554,Alto,0.982,3
20091,Muy bajo,-1.139,0
20066,Medio,0.073,0
20502,Muy alto,2.081,3
20126,Muy alto,1.506,3
20326,Muy alto,1.484,3
20130,Alto,0.926,3
20516,Alto,0.905,3
20159,Muy alto,1.266,3
20489,Alto,0.683,2
20415,Alto,0.509,3
20460,Alto,1.12,3
20470,Alto,0.585,2
20153,Alto,0.485,2
20015,Muy alto,1.719,3
20517,Muy alto,1.974,3
20337,Muy alto,1.703,3
20384,Muy alto,1.455,3
20202,Alto,0.96,3
20494,Muy alto,1.646,3
20051,Muy alto,2.39,3
20421,Medio,-0.283,0
20302,Muy alto,1.314,3
20367,Muy alto,1.253,3
20098,Alto,1.15,3
20108,Alto,1.154,3
20398,Alto,0.665,3
20116,Muy alto,1.73,3
20102,Medio,-0.017,0
20491,Alto,0.498,2
20037,Muy alto,1.376,3
20459,Medio,-0.097,0
20497,Muy alto,1.758,3
20087,Medio,0.07,0
20095,Muy alto,1.651,3
20213,Alto,0.957,3
20484,Alto,0.595,3
20111,Alto,1.062,3
20291,Alto,0.515,2
20305,Bajo,-0.85,0
20330,Alto,0.764,3
20434,Alto,1.172,3
20029,Muy alto,1.906,3
20269,Alto,0.15,0
20082,Alto,0.464,2
20462,Medio,-0.13,0
20345,Alto,0.445,2
20339,Medio,-0.25,0
20452,Muy alto,1.55,3
20084,Muy bajo,-1.099,0
20020,Muy alto,1.447,3
20534,Muy alto,1.52,3
20174,Bajo,-0.946,0
20063,Bajo,-1.021,0
20366,Alto,1.146,3
20424,Alto,1.106,3
20169,Muy alto,2.748,3
20393,Alto,0.808,3
20145,Bajo,-0.548,0
20244,Alto,0.527,3
20360,Alto,0.61,2
20077,Medio,-0.235,0
20200,Alto,0.973,3
20453,Medio,0.037,0
20532,Alto,1.172,3
20285,Alto,0.712,2
20024,Muy alto,1.435,3
20235,Alto,1.074,3
20530,Alto,0.636,2
20249,Alto,0.965,3
20133,Alto,1.187,3
20347,Alto,0.407,2
20306,Muy alto,1.516,3
20352,Muy alto,2.155,3
20055,Alto,0.146,2
20507,Alto,0.891,3
20435,Muy alto,1.87,3
20378,Alto,0.477,2
20050,Muy alto,1.806,3
20137,Alto,0.66,2
20017,Alto,1.025,3
20391,Muy alto,2.334,3
20410,Alto,0.142,0
20342,Bajo,-0.972,0
20472,Medio,-0.143,0
20156,Medio,-0.094,0
20273,Muy alto,1.606,3
20474,Alto,0.248,0
20203,Alto,1.178,3
20076,Alto,0.268,2
20170,Muy alto,2.216,3
20396,Muy alto,2.367,3
20197,Alto,0.439,2
20485,Muy alto,1.468,3
20263,Muy alto,1.519,3
20412,Muy alto,1.736,3
20286,Alto,0.789,3
20046,Alto,0.799,2
20284,Muy alto,2.189,3
20308,Alto,0.586,2
20567,Muy alto,1.707,3
20254,Alto,0.846,3
20511,Alto,1.125,3
20495,Muy alto,1.657,3
20490,Alto,1.027,3
20457,Alto,0.963,3
20555,Alto,0.21,0
20566,Alto,1.194,3
20113,Alto,0.259,2
20519,Medio,-0.065,0
20403,Bajo,-0.531,0
20231,Muy alto,1.529,3
20535,Muy alto,1.254,3
20492,Alto,1.188,3
20013,Medio,-0.24,0
20449,Alto,0.396,2
20019,Alto,0.867,3
20379,Muy alto,1.321,3
20454,Alto,1.141,3
20212,Muy alto,1.564,3
20387,Alto,0.201,0
20217,Muy alto,1.949,3
20071,Muy alto,1.47,3
20189,Muy alto,1.553,3
20351,Alto,0.743,3
20088,Muy alto,1.544,3
20561,Alto,1.169,3
20146,Alto,1.085,3
20164,Alto,0.872,3
20394,Alto,0.37,2
20123,Alto,0.742,2
20075,Medio,-0.098,0
20226,Alto,0.401,2
20061,Alto,1.066,3
20176,Alto,0.811,2
20344,Alto,0.219,0
20381,Medio,-0.176,0
20279,Alto,0.675,2
20211,Muy alto,1.624,3
20271,Muy alto,1.606,3
20220,Alto,0.466,3
20033,Bajo,-0.846,0
20069,Muy alto,1.382,3
20531,Medio,-0.261,0
20333,Medio,-0.271,0
20219,Alto,0.875,3
20104,Alto,0.764,2
20527,Alto,0.985,3
20180,Alto,0.241,0
20193,Medio,-0.176,0
20060,Alto,1.194,3
20455,Alto,1.149,3
20363,Medio,-0.001,0
20433,Muy alto,2.062,3
20007,Muy alto,1.535,3
20161,Alto,0.759,3
20297,Muy alto,1.333,3
20112,Alto,0.663,3
20118,Alto,1.181,3
20206,Alto,0.386,2
20154,Alto,0.543,2
20486,Alto,0.384,2
20388,Alto,1.205,3
20259,Muy alto,1.759,3
20117,Muy alto,1.36,3
20240,Muy alto,2.348,3
20280,Medio,0.036,0
20158,Alto,1.025,3
20027,Muy alto,1.592,3
20448,Muy alto,1.72,3
20182,Alto,0.934,3
20260,Alto,0.664,3
20353,Alto,0.096,0
20533,Alto,0.366,2
20380,Alto,0.511,2
20089,Alto,0.206,2
20405,Alto,0.232,2
20152,Muy alto,1.723,3
20323,Alto,0.651,2
20264,Alto,1.215,3
20499,Bajo,-0.616,0
20425,Alto,0.595,2
20253,Muy alto,1.429,3
20356,Medio,0.068,0
20252,Muy alto,1.415,3
20139,Muy alto,1.37,3
20167,Muy alto,1.277,3
20003,Alto,0.906,3
20255,Muy alto,1.259,3
20487,Alto,0.117,0
20214,Muy alto,1.27,3
20349,Alto,0.618,2
20201,Alto,0.846,3
20358,Alto,0.196,0
20148,Muy alto,1.247,3
20162,Muy alto,1.429,3
20343,Alto,0.141,0
20369,Medio,-0.118,0
20368,Alto,0.244,2
20428,Muy alto,1.275,3
20038,Alto,1.001,3
20420,Alto,1.183,3
20243,Medio,-0.203,0
20481,Muy alto,1.743,3
20187,Muy alto,1.516,3
20478,Alto,0.42,3
20081,Alto,0.774,3
20094,Medio,-0.001,0
20233,Muy alto,1.356,3
20496,Bajo,-0.657,0
20149,Muy alto,1.271,3
20395,Muy alto,1.654,3
20336,Alto,1.03,3
20315,Muy alto,2.067,3
20431,Alto,0.405,2
20340,Alto,0.386,2
20097,Alto,0.609,3
20504,Alto,0.427,2
20438,Muy alto,1.344,3
20541,Alto,0.291,2
20569,Alto,0.517,2
20548,Alto,0.741,2
20092,Medio,-0.275,0
20465,Alto,0.688,2
20163,Muy alto,1.304,3
20175,Alto,0.654,3
20400,Alto,0.327,2
20314,Medio,0.009,0
20236,Muy alto,2.009,3
20372,Muy alto,1.521,3
20562,Medio,-0.098,0
20247,Bajo,-0.986,0
20374,Muy alto,2.174,3
20445,Alto,0.838,3
20165,Alto,0.736,3
20301,Alto,0.339,0
20523,Medio,-0.121,0
20192,Bajo,-0.826,0
20508,Medio,-0.466,0
20110,Muy alto,1.391,3
20222,Medio,0.046,0
20429,Muy alto,1.282,3
20173,Alto,0.537,2
20080,Alto,0.565,3
20179,Alto,0.553,3
20477,Alto,0.812,3
20346,Alto,0.82,3
20456,Alto,0.608,3
20568,Alto,0.316,2
20362,Alto,0.429,2
20056,Alto,0.681,3
20237,Medio,-0.061,0
20292,Alto,1.097,2
20160,Alto,0.183,2
20183,Muy alto,1.272,3
20529,Muy alto,2.359,3
20048,Muy alto,1.596,3
20558,Alto,0.487,2
20473,Medio,-0.323,0
20216,Alto,0.271,0
20274,Muy alto,1.285,3
20245,Alto,1.047,3
20563,Muy alto,1.546,3
20317,Alto,0.405,2
20194,Alto,0.26,3
20221,Alto,0.204,0
20109,Medio,-0.262,0
20329,Alto,1.096,3
20053,Medio,-0.154,0
20065,Muy alto,1.254,3
20328,Muy alto,1.639,3
20128,Medio,0.065,0
20011,Alto,1.061,3
20034,Alto,0.364,2
20049,Alto,0.287,0
20251,Muy alto,1.326,3
20289,Alto,0.464,2
20564,Alto,0.929,3
20382,Muy alto,1.45,3
20250,Alto,0.162,2
20078,Bajo,-0.844,0
20270,Muy alto,1.604,3
20303,Alto,0.366,2
20241,Alto,0.531,2
20132,Medio,-0.207,0
20402,Alto,0.428,2
20319,Alto,0.811,3
20195,Muy alto,1.344,3
20365,Alto,0.095,0
20299,Alto,0.339,3
20168,Alto,0.635,2
20371,Alto,0.728,3
20522,Alto,0.907,3
20514,Muy alto,1.698,3
20544,Alto,0.319,2
20268,Alto,0.403,2
20239,Alto,0.304,0
20127,Muy alto,1.558,3
20283,Alto,0.134,2
20032,Alto,1.103,3
20262,Medio,-0.224,0
20142,Alto,1.222,3
20257,Alto,0.943,3
20155,Muy alto,1.547,3
20436,Muy alto,1.678,3
20528,Alto,1.197,3
20290,Alto,0.235,2
20458,Alto,0.114,0
20389,Muy alto,1.428,3
20144,Alto,0.554,3
20230,Alto,0.226,2
20501,Alto,0.273,2
20547,Medio,-0.05,0
20004,Medio,-0.165,0
20086,Alto,0.349,0
20359,Alto,0.729,3
20335,Alto,0.497,2
20432,Bajo,-0.533,0
20296,Alto,0.487,3
20001,Alto,1.077,3
20480,Alto,0.97,3
20451,Muy alto,2.243,3
20331,Alto,0.8,3
20361,Alto,0.701,3
20512,Alto,0.893,3
20238,Alto,0.096,0
20440,Alto,0.506,3
20542,Alto,0.694,3
20411,Medio,-0.338,0
20228,Muy alto,1.398,3
20018,Alto,0.628,3
20140,Alto,0.511,2
20322,Muy alto,1.502,3
20215,Medio,-0.373,0
20313,Alto,0.913,3
20357,Medio,-0.019,0
20008,Medio,-0.201,0
20506,Alto,0.411,2
20101,Alto,0.941,3
20304,Muy alto,1.647,3
20404,Medio,-0.32,0
20282,Alto,0.746,2
20355,Muy alto,1.318,3
20321,Alto,0.708,3
20022,Alto,0.141,0
20096,Bajo,-0.66,0
20258,Alto,0.152,0
20276,Muy alto,1.326,3
20316,Alto,0.223,0
20538,Alto,0.517,2
20320,Alto,0.595,3
20370,Medio,-0.107,0
20209,Muy alto,1.397,3
20121,Alto,0.362,2
20510,Alto,0.731,3
20114,Alto,0.568,3
20122,Medio,-0.335,0
20246,Alto,1.157,3
20204,Alto,0.091,2
20288,Alto,0.87,3
20422,Alto,0.319,2
20383,Alto,0.71,2
20199,Alto,1.195,3
20224,Medio,-0.36,0
20186,Alto,0.232,2
20311,Muy alto,1.253,3
20035,Muy bajo,-1.106,0
20218,Alto,0.883,3
20463,Alto,0.63,3
20493,Medio,-0.207,0
20461,Muy alto,1.562,3
20354,Muy alto,1.815,3
20419,Medio,-0.365,0
20471,Medio,-0.015,0
20416,Alto,0.916,3
20093,Medio,-0.092,0
20074,Alto,0.321,2
20408,Medio,0.062,0
20062,Bajo,-0.614,0
20223,Bajo,-0.688,0
20099,Muy alto,1.323,3
20443,Medio,-0.297,0
20423,Alto,0.512,2
20138,Alto,0.493,3
20181,Alto,0.533,2
20552,Alto,0.129,0
20100,Alto,0.926,3
20054,Medio,-0.106,0
20196,Medio,-0.243,0
20536,Medio,0.062,0
20444,Alto,0.319,0
20503,Bajo,-0.52,0
20476,Medio,-0.012,0
20119,Alto,1.029,3
20172,Alto,0.104,0
20147,Alto,0.487,3
20373,Alto,0.694,3
20129,Medio,-0.314,0
20430,Muy alto,1.431,3
20376,Alto,0.761,3
20464,Alto,0.712,3
20332,Alto,0.26,2
20120,Alto,0.303,2
20191,Medio,-0.128,0
20151,Alto,0.409,2
20524,Medio,-0.164,0
20287,Alto,0.309,2
20442,Medio,-0.435,0
20281,Medio,-0.036,0
20556,Medio,0.048,0
20106,Alto,0.519,3
20267,Medio,-0.264,0
20341,Medio,-0.299,0
20521,Alto,1.07,3
20256,Alto,0.138,2
20479,Alto,0.144,2
20518,Medio,-0.066,0
20488,Medio,0.004,2
20047,Bajo,-0.594,0
21114,Muy bajo,-1.564,1
21156,Bajo,-0.687,1
21132,Muy bajo,-1.171,1
21119,Muy bajo,-1.652,1
21019,Bajo,-0.705,1
21140,Muy bajo,-1.166,1
21015,Bajo,-0.861,1
21041,Muy bajo,-1.618,1
21071,Medio,-0.318,1
21174,Bajo,-0.756,1
21208,Medio,-0.156,1
21197,Medio,-0.105,1
21164,Bajo,-0.534,1
21085,Medio,-0.459,1
21154,Bajo,-0.504,1
21074,Bajo,-0.966,1
21010,Muy alto,1.242,2
21001,Medio,-0.286,1
21053,Medio,-0.136,0
21004,Medio,-0.234,1
21207,Alto,0.115,0
21186,Medio,-0.084,0
21177,Alto,0.767,2
21115,Alto,0.279,1
21043,Alto,1.027,2
21045,Medio,-0.325,1
21110,Alto,0.436,2
21034,Bajo,-0.736,1
21180,Medio,-0.432,0
21199,Alto,0.381,2
21003,Medio,-0.229,1
21051,Medio,-0.266,1
21054,Alto,0.312,2
21094,Medio,-0.32,1
21143,Bajo,-0.504,0
21104,Medio,-0.437,1
21142,Medio,-0.258,1
21194,Medio,-0.137,1
21179,Alto,0.147,2
21017,Alto,0.356,2
21106,Alto,0.181,2
21172,Alto,0.541,2
21118,Medio,-0.27,1
21076,Alto,0.527,2
21050,Alto,1.155,3
21149,Alto,0.336,1
21205,Medio,0.017,1
21069,Alto,0.278,2
21195,Muy alto,1.677,3
21083,Alto,0.56,2
21116,Alto,1.168,3
21109,Alto,0.757,3
21153,Bajo,-0.52,0
21090,Bajo,-0.846,1
21189,Medio,-0.396,1
21013,Medio,0.01,1
21169,Alto,0.405,2
21161,Medio,-0.025,0
21065,Medio,0.067,2
21035,Alto,0.166,2
21048,Medio,-0.473,1
21134,Bajo,-0.592,1
21047,Medio,-0.157,1
21058,Muy alto,1.256,3
21183,Muy alto,1.4,3
21099,Alto,0.564,3
21212,Alto,0.873,3
21072,Muy alto,2.434,3
21217,Muy alto,2.065,3
21108,Medio,-0.334,1
21111,Alto,0.933,3
21188,Alto,0.431,2
21163,Bajo,-0.649,1
21067,Medio,-0.086,1
21170,Alto,0.138,2
21214,Medio,0.0,1
21064,Alto,0.671,2
21049,Muy alto,1.581,3
21178,Alto,0.908,3
21211,Bajo,-0.866,1
21124,Alto,0.248,1
21044,Medio,-0.092,0
21006,Muy alto,1.443,3
21078,Muy alto,1.415,3
21063,Medio,-0.223,1
21144,Medio,-0.441,1
21026,Medio,-0.135,1
21117,Bajo,-0.931,1
21145,Muy alto,1.919,3
21036,Muy alto,1.679,3
21213,Alto,1.097,3
21129,Alto,0.278,1
21087,Alto,0.766,2
21075,Alto,0.44,2
21089,Alto,1.159,3
21175,Medio,-0.201,1
21202,Alto,1.146,3
21061,Muy alto,2.085,3
21102,Bajo,-0.537,1
21136,Muy bajo,-1.268,1
21022,Alto,0.284,2
21152,Medio,-0.111,1
21086,Alto,1.09,3
21138,Alto,0.472,2
21167,Muy alto,1.695,3
21107,Muy alto,2.394,3
21008,Medio,-0.276,0
21157,Alto,0.211,1
21091,Bajo,-0.902,1
21122,Bajo,-0.649,1
21040,Alto,0.264,0
21038,Medio,-0.171,1
21100,Alto,0.994,3
21137,Alto,0.448,3
21112,Alto,0.664,3
21023,Alto,0.817,3
21039,Alto,0.79,3
21148,Alto,0.684,2
21191,Alto,0.325,1
21002,Alto,0.737,3
21125,Bajo,-0.872,0
21016,Alto,0.332,2
21082,Medio,-0.198,0
21128,Medio,-0.331,0
21025,Alto,0.505,2
21176,Medio,-0.009,0
21151,Bajo,-0.583,1
21209,Alto,0.397,2
21166,Alto,0.214,2
21185,Alto,0.186,2
21073,Alto,0.232,2
21204,Medio,-0.049,0
21057,Alto,0.683,3
21093,Alto,0.409,3
21046,Medio,0.069,1
21068,Muy alto,1.399,3
21060,Medio,-0.325,1
21150,Alto,0.731,3
21193,Alto,1.027,3
21181,Bajo,-0.596,1
21020,Medio,-0.189,1
21084,Muy alto,1.342,3
21158,Alto,0.801,3
21168,Alto,1.171,3
21012,Medio,0.047,0
21184,Alto,1.004,3
21098,Alto,0.256,2
21203,Alto,0.399,1
21070,Alto,1.137,3
21192,Alto,0.468,2
21147,Alto,0.847,3
21126,Medio,0.071,0
21103,Alto,0.497,2
21173,Bajo,-0.664,0
21066,Alto,0.673,3
21120,Alto,1.206,3
21210,Alto,0.66,3
21155,Alto,0.126,0
21079,Medio,-0.239,0
21187,Alto,1.207,3
21092,Alto,0.901,3
21077,Muy alto,2.09,3
21182,Medio,-0.075,0
21215,Alto,0.718,3
21033,Alto,0.242,2
21062,Alto,0.247,2
21014,Alto,1.179,3
21105,Alto,0.185,2
21055,Alto,0.581,3
21088,Alto,1.037,3
21206,Alto,0.728,3
21113,Alto,0.518,3
21162,Muy alto,1.52,3
21027,Alto,0.727,3
21123,Muy alto,1.532,3
21159,Muy alto,1.475,3
21018,Alto,0.425,2
21029,Alto,0.645,3
21081,Alto,1.19,3
21139,Alto,0.334,2
21171,Medio,-0.402,0
21127,Alto,0.452,2
21130,Medio,0.032,0
21200,Alto,0.471,2
21141,Alto,0.204,2
21201,Alto,0.478,3
21101,Alto,0.326,2
21007,Alto,0.807,3
21042,Alto,0.941,3
21160,Alto,0.3,2
21005,Muy alto,1.755,3
21031,Alto,0.686,3
21096,Medio,-0.165,0
21028,Muy alto,1.45,3
21080,Alto,0.854,3
21216,Alto,1.131,3
21097,Medio,-0.484,0
21037,Medio,0.017,0
21059,Alto,0.358,2
21009,Alto,0.394,2
21011,Alto,0.404,2
21196,Alto,0.151,0
21032,Alto,0.705,3
21056,Alto,0.382,2
21021,Medio,-0.003,0
21121,Alto,0.787,3
21190,Medio,0.04,0
21198,Alto,1.031,3
21052,Alto,0.95,3
21165,Alto,1.064,3
21024,Alto,0.304,2
21131,Alto,0.307,2
21030,Alto,0.703,2
21146,Alto,0.831,3
21133,Alto,0.255,2
21135,Alto,0.596,3
21095,Medio,-0.162,0
22014,Muy bajo,-1.765,1
22016,Muy bajo,-1.297,1
22006,Muy bajo,-1.878,1
22011,Bajo,-1.051,0
22017,Bajo,-0.98,1
22004,Medio,-0.007,0
22012,Bajo,-0.86,1
22005,Medio,-0.414,0
22001,Alto,0.101,0
22007,Bajo,-0.652,1
22008,Medio,-0.393,0
22018,Medio,-0.051,0
22009,Medio,-0.308,1
22002,Alto,0.509,0
22013,Medio,-0.003,0
22010,Alto,0.292,0
22003,Medio,-0.162,0
22015,Medio,-0.236,0
23005,Muy bajo,-1.474,1
23004,Muy bajo,-1.109,1
23008,Muy bajo,-1.477,1
23001,Muy bajo,-1.246,1
23002,Alto,0.424,2
23010,Alto,0.203,2
23006,Alto,0.304,2
23009,Bajo,-0.874,1
23007,Alto,0.302,2
23003,Bajo,-0.685,1
24028,Muy bajo,-1.704,1
24035,Muy bajo,-1.694,1
24013,Bajo,-0.827,1
24020,Muy bajo,-1.119,1
24024,Medio,-0.416,1
24037,Alto,0.393,2
24021,Medio,-0.192,0
24054,Alto,0.724,2
24050,Medio,-0.29,0
24003,Muy alto,2.112,3
24011,Bajo,-0.615,1
24016,Medio,-0.395,1
24032,Alto,0.124,0
24040,Medio,-0.344,1
24053,Medio,0.046,0
24049,Alto,0.228,2
24010,Medio,0.017,0
24025,Medio,-0.269,1
24057,Alto,0.621,2
24036,Alto,0.543,2
24017,Alto,0.965,3
24055,Medio,-0.262,1
24058,Medio,-0.485,1
24008,Bajo,-0.665,1
24029,Alto,1.015,3
24015,Medio,-0.454,1
24012,Alto,1.111,3
24041,Alto,0.715,3
24022,Alto,0.432,2
24007,Bajo,-0.738,1
24005,Bajo,-0.701,1
24001,Alto,0.257,0
24046,Alto,0.111,0
24018,Alto,0.819,2
24039,Alto,0.963,3
24038,Alto,0.589,2
24023,Alto,0.293,0
24056,Medio,-0.063,1
24014,Alto,0.564,2
24042,Medio,-0.166,1
24051,Medio,-0.293,0
24034,Alto,0.254,1
24045,Medio,0.057,1
24033,Alto,0.099,0
24031,Muy alto,2.257,3
24027,Medio,-0.22,1
24052,Alto,0.246,2
24006,Alto,0.344,2
24047,Alto,0.808,3
24043,Alto,0.181,1
24026,Alto,1.008,3
24002,Alto,0.598,2
24044,Alto,0.547,2
24019,Alto,0.615,3
24048,Bajo,-0.585,0
24030,Medio,-0.066,0
24009,Bajo,-0.54,0
24004,Alto,0.387,0
25006,Muy bajo,-1.497,1
25012,Muy bajo,-1.527,1
25001,Muy bajo,-1.223,1
25011,Bajo,-0.705,1
25018,Medio,-0.433,1
25010,Medio,-0.355,0
25017,Alto,0.13,0
25015,Muy bajo,-1.35,1
25009,Bajo,-0.748,1
25008,Medio,-0.43,1
25014,Bajo,-0.658,0
25002,Bajo,-0.813,0
25013,Medio,-0.105,0
25007,Alto,0.319,0
25003,Alto,0.676,0
25004,Bajo,-0.546,0
25016,Medio,-0.211,0
25005,Medio,-0.317,1
26030,Muy bajo,-1.728,1
26018,Muy bajo,-1.478,1
26043,Muy bajo,-1.557,1
26055,Muy bajo,-1.292,1
26042,Bajo,-1.009,1
26029,Muy bajo,-1.258,1
26017,Muy bajo,-1.169,1
26002,Muy bajo,-1.455,1
26033,Bajo,-0.542,1
26026,Medio,-0.148,0
26048,Muy bajo,-1.515,1
26025,Muy bajo,-1.258,1
26019,Muy bajo,-1.867,1
26036,Muy bajo,-1.604,1
26003,Medio,-0.034,0
26012,Bajo,-0.518,0
26071,Bajo,-0.774,1
26070,Bajo,-0.947,1
26058,Muy bajo,-1.51,1
26072,Medio,-0.357,1
26041,Muy bajo,-1.669,1
26035,Muy bajo,-1.145,1
26004,Muy bajo,-1.093,1
26047,Muy bajo,-1.271,1
26056,Medio,0.062,1
26066,Muy bajo,-1.179,0
26027,Muy bajo,-1.596,1
26039,Muy bajo,-1.549,1
26023,Muy bajo,-1.286,0
26069,Medio,-0.21,0
26052,Bajo,-0.835,0
26016,Muy bajo,-1.459,1
26051,Medio,-0.296,0
26038,Muy bajo,-1.399,0
26020,Bajo,-0.786,0
26014,Bajo,-1.068,0
26049,Alto,1.048,2
26001,Bajo,-1.044,0
26006,Muy bajo,-1.089,0
26045,Medio,-0.439,0
26021,Bajo,-0.693,0
26040,Medio,-0.266,0
26059,Muy bajo,-1.137,0
26013,Muy bajo,-1.232,0
26064,Bajo,-0.532,0
26060,Bajo,-0.785,0
26011,Muy bajo,-1.254,0
26067,Muy bajo,-1.41,0
26057,Bajo,-0.987,0
26015,Bajo,-0.98,0
26050,Bajo,-0.903,0
26061,Bajo,-0.649,0
26010,Bajo,-0.663,0
26037,Muy bajo,-1.154,0
26031,Bajo,-0.774,0
26063,Bajo,-1.05,0
26065,Bajo,-0.585,0
26068,Muy bajo,-1.225,0
26005,Medio,-0.404,0
26062,Bajo,-0.78,0
26008,Bajo,-0.75,0
26028,Muy bajo,-1.414,0
26022,Bajo,-0.855,0
26034,Muy bajo,-1.368,0
26032,Muy bajo,-1.334,0
26009,Bajo,-0.827,0
26024,Bajo,-0.976,0
26007,Bajo,-1.032,0
26054,Bajo,-0.599,0
26044,Bajo,-0.68,0
26053,Muy bajo,-1.33,0
26046,Bajo,-0.714,0
27004,Muy bajo,-1.483,1
27002,Bajo,-0.551,1
27005,Bajo,-0.807,1
27008,Medio,-0.225,0
27012,Bajo,-0.566,1
27006,Medio,-0.361,0
27013,Muy bajo,-1.087,1
27003,Medio,-0.107,0
27014,Muy bajo,-1.234,1
27010,Bajo,-0.791,0
27001,Medio,-0.045,0
27017,Medio,-0.325,1
27016,Medio,-0.319,1
27015,Medio,-0.076,0
27009,Medio,-0.416,0
27007,Bajo,-0.878,1
27011,Medio,0.009,0
28032,Muy bajo,-1.43,1
28022,Muy bajo,-1.296,1
28027,Muy bajo,-1.441,1
28041,Muy bajo,-1.558,1
28038,Muy bajo,-1.686,1
28003,Muy bajo,-1.259,1
28009,Muy bajo,-1.69,1
28033,Muy bajo,-1.117,1
28021,Bajo,-1.06,1
28040,Bajo,-1.043,1
28035,Bajo,-0.51,1
28012,Medio,-0.294,1
28039,Alto,0.299,2
28002,Medio,-0.479,1
28025,Muy bajo,-1.559,1
28037,Medio,-0.358,1
28043,Bajo,-0.68,1
28016,Medio,-0.081,0
28019,Medio,0.069,0
28007,Muy bajo,-1.263,1
28013,Medio,-0.11,0
28015,Muy bajo,-1.127,1
28017,Medio,-0.349,0
28030,Bajo,-0.658,1
28029,Medio,-0.252,1
28001,Bajo,-0.558,1
28004,Medio,-0.059,0
28011,Medio,-0.143,0
28034,Alto,0.233,0
28018,Bajo,-0.696,1
28006,Alto,1.19,3
28042,Medio,-0.045,0
28014,Muy bajo,-1.162,0
28005,Medio,-0.237,0
28024,Muy bajo,-1.098,0
28008,Alto,0.223,0
28023,Medio,-0.17,0
28026,Alto,0.743,3
28028,Medio,-0.167,0
28020,Medio,-0.342,0
28010,Medio,-0.029,0
28031,Medio,-0.024,0
28036,Alto,0.713,2
29033,Muy bajo,-1.687,1
29013,Bajo,-0.715,1
29005,Muy bajo,-1.551,1
29025,Bajo,-0.785,1
29010,Muy bajo,-1.249,1
29006,Muy bajo,-1.075,1
29044,Muy bajo,-1.298,1
29034,Medio,-0.43,1
29018,Bajo,-0.791,1
29015,Bajo,-0.914,0
29043,Muy bajo,-1.338,1
29031,Muy bajo,-1.083,1
29041,Muy bajo,-1.145,1
29024,Muy bajo,-1.088,0
29023,Bajo,-0.663,0
29028,Bajo,-0.816,1
29039,Bajo,-0.854,1
29036,Muy bajo,-1.418,1
29019,Bajo,-1.032,1
29026,Bajo,-1.011,0
29048,Muy bajo,-1.095,1
29021,Bajo,-0.891,1
29007,Medio,-0.468,1
29004,Medio,-0.012,0
29038,Muy bajo,-1.135,1
29008,Bajo,-0.548,1
29002,Muy bajo,-1.15,0
29030,Medio,-0.048,0
29014,Bajo,-0.574,0
29042,Muy bajo,-1.498,1
29032,Bajo,-0.84,0
29027,Bajo,-0.897,1
29029,Bajo,-0.969,0
29001,Muy bajo,-1.253,1
29050,Bajo,-0.904,1
29017,Bajo,-0.626,1
29040,Medio,-0.465,0
29020,Bajo,-0.536,0
29037,Medio,-0.062,1
29058,Bajo,-1.03,1
29012,Medio,-0.216,0
29056,Bajo,-1.043,1
29053,Muy bajo,-1.139,1
29059,Bajo,-0.575,0
29016,Bajo,-0.828,1
29003,Medio,-0.279,0
29045,Bajo,-1.045,1
29022,Bajo,-0.655,0
29052,Bajo,-0.733,1
29035,Muy bajo,-1.207,1
29054,Muy bajo,-1.266,1
29049,Muy bajo,-1.449,1
29009,Bajo,-0.714,0
29060,Bajo,-0.588,0
29011,Bajo,-0.686,0
29046,Medio,0.032,2
29057,Bajo,-0.748,0
29051,Bajo,-1.029,0
29055,Bajo,-0.615,0
29047,Medio,-0.383,0
30193,Muy bajo,-1.51,1
30087,Muy bajo,-1.505,1
30039,Muy bajo,-1.383,1
30044,Bajo,-1.063,1
30131,Muy bajo,-1.246,1
30141,Alto,0.125,1
30189,Bajo,-0.991,1
30124,Alto,0.547,2
30108,Bajo,-0.643,1
30028,Muy bajo,-1.722,1
30048,Bajo,-0.713,1
30118,Muy bajo,-1.538,1
30102,Bajo,-0.678,1
30174,Bajo,-0.54,1
30160,Alto,0.122,0
30155,Alto,1.183,2
30123,Medio,-0.464,1
30175,Alto,0.136,1
30038,Bajo,-1.032,1
30003,Medio,-0.263,1
30061,Alto,0.506,1
30065,Bajo,-0.858,0
30105,Bajo,-0.973,1
30128,Medio,-0.485,1
30085,Bajo,-0.725,1
30068,Bajo,-0.968,1
30010,Alto,0.393,2
30109,Medio,-0.186,1
30183,Medio,-0.041,1
30071,Medio,-0.126,1
30047,Alto,0.635,2
30133,Bajo,-0.744,1
30143,Alto,0.523,2
30045,Bajo,-0.551,1
30173,Alto,1.05,3
30040,Bajo,-0.834,1
30058,Alto,0.32,2
30083,Muy alto,1.264,3
30011,Bajo,-0.646,1
30023,Alto,0.81,3
30032,Alto,0.107,1
30204,Bajo,-0.845,1
30207,Medio,-0.082,1
30014,Medio,-0.434,0
30086,Alto,0.518,2
30201,Muy alto,1.534,3
30004,Medio,-0.181,0
30077,Medio,-0.126,1
30073,Alto,0.359,2
30030,Medio,-0.426,1
30138,Muy bajo,-1.411,1
30089,Medio,-0.446,1
30130,Alto,0.366,2
30094,Alto,0.139,2
30092,Medio,-0.211,1
30115,Bajo,-0.694,1
30181,Medio,0.029,0
30101,Medio,-0.163,1
30161,Alto,0.529,2
30149,Muy alto,1.681,3
30142,Alto,0.473,2
30015,Medio,0.073,0
30126,Bajo,-0.549,0
30144,Alto,0.425,2
30125,Medio,0.059,1
30191,Bajo,-1.056,1
30206,Muy bajo,-1.444,1
30211,Medio,-0.306,0
30210,Alto,0.675,3
30091,Alto,0.466,2
30009,Medio,-0.022,0
30013,Bajo,-0.92,1
30053,Medio,-0.477,1
30148,Medio,-0.321,1
30066,Alto,0.751,3
30016,Muy bajo,-1.198,1
30127,Muy alto,1.475,3
30034,Muy bajo,-1.196,1
30025,Muy alto,1.464,3
30159,Muy alto,3.545,3
30081,Medio,-0.134,1
30026,Muy bajo,-1.225,1
30069,Medio,-0.306,1
30208,Bajo,-0.69,1
30117,Alto,0.512,2
30021,Medio,-0.286,1
30158,Alto,0.335,2
30033,Alto,0.504,2
30100,Medio,-0.413,0
30121,Alto,0.501,0
30147,Muy alto,1.812,3
30151,Alto,0.481,2
30135,Alto,0.113,1
30080,Alto,0.255,2
30006,Alto,0.67,2
30169,Alto,0.355,2
30051,Alto,0.994,2
30134,Bajo,-0.611,0
30112,Medio,-0.358,1
30072,Alto,0.347,2
30022,Alto,0.48,2
30062,Alto,0.111,1
30049,Alto,0.153,0
30172,Alto,0.571,2
30192,Medio,-0.372,1
30157,Alto,0.417,2
30043,Alto,0.977,3
30132,Alto,0.128,1
30097,Bajo,-0.97,1
30070,Alto,0.896,3
30205,Medio,-0.474,1
30182,Medio,-0.358,1
30067,Muy alto,1.549,2
30129,Alto,0.26,1
30099,Alto,0.196,1
30196,Medio,-0.469,0
30027,Alto,0.917,3
30111,Medio,-0.223,1
30122,Alto,0.797,2
30188,Alto,0.473,3
30104,Alto,1.073,2
30075,Alto,0.621,2
30031,Alto,0.748,3
30050,Muy alto,1.695,3
30060,Alto,0.374,2
30116,Medio,-0.106,1
30093,Medio,-0.206,0
30164,Medio,-0.332,1
30145,Medio,-0.239,1
30046,Alto,0.482,3
30059,Medio,-0.175,1
30120,Medio,-0.032,1
30095,Alto,0.481,3
30024,Alto,0.519,3
30082,Bajo,-0.625,1
30209,Alto,0.745,2
30203,Muy alto,2.191,3
30168,Muy alto,1.894,3
30167,Alto,0.148,2
30202,Muy alto,1.991,3
30063,Alto,0.557,2
30057,Alto,0.995,3
30078,Alto,0.628,3
30055,Alto,0.674,2
30076,Muy alto,2.137,3
30178,Medio,-0.053,1
30200,Alto,0.093,0
30154,Alto,0.494,2
30029,Alto,1.22,3
30212,Alto,1.007,3
30054,Alto,0.103,0
30103,Muy alto,1.794,2
30152,Alto,0.319,0
30052,Medio,-0.162,0
30035,Alto,0.348,2
30197,Alto,0.505,3
30194,Alto,0.307,2
30150,Alto,0.188,1
30110,Muy alto,3.334,3
30180,Alto,1.213,3
30079,Alto,0.789,3
30177,Alto,0.568,3
30090,Medio,-0.143,0
30199,Medio,-0.054,1
30170,Muy alto,1.719,3
30020,Muy alto,1.891,3
30114,Medio,-0.12,0
30036,Alto,0.227,1
30008,Alto,0.971,3
30166,Alto,0.592,3
30001,Alto,0.138,0
30037,Muy alto,1.347,3
30165,Muy alto,1.592,3
30136,Medio,-0.39,0
30012,Alto,0.177,0
30184,Muy alto,1.411,3
30074,Bajo,-0.552,0
30198,Muy alto,1.465,3
30186,Medio,-0.306,0
30056,Alto,1.054,3
30162,Alto,0.62,3
30019,Muy alto,1.399,3
30007,Alto,0.261,2
30139,Alto,0.134,0
30137,Muy alto,1.794,3
30153,Alto,0.114,0
30084,Alto,0.464,2
30156,Alto,0.861,3
30042,Alto,0.518,2
30119,Alto,0.09,0
30187,Alto,0.489,3
30195,Muy alto,1.668,3
30005,Alto,0.358,2
30171,Muy alto,1.267,3
30185,Alto,0.394,2
30163,Alto,0.729,3
30088,Alto,0.415,3
30176,Alto,0.211,0
30106,Alto,0.348,3
30113,Alto,0.653,3
30017,Medio,-0.46,0
30064,Muy alto,1.458,3
30179,Medio,0.063,0
30146,Alto,0.227,2
30002,Medio,-0.032,0
30098,Alto,0.765,3
30140,Alto,0.958,3
30107,Alto,1.022,3
30041,Alto,1.065,3
30190,Medio,-0.075,0
30018,Muy alto,1.566,3
30096,Medio,-0.039,0
31050,Muy bajo,-1.477,1
31041,Bajo,-0.953,1
31102,Alto,0.089,1
31096,Alto,0.245,1
31059,Bajo,-1.058,1
31101,Bajo,-0.615,1
31079,Medio,-0.047,1
31089,Medio,-0.448,1
31019,Muy alto,1.523,2
31052,Medio,-0.366,1
31038,Medio,-0.083,1
31056,Alto,0.182,1
31040,Medio,-0.116,1
31058,Alto,0.267,1
31048,Alto,0.299,1
31033,Alto,0.366,1
31093,Bajo,-0.692,1
31076,Alto,0.296,1
31002,Medio,-0.308,1
31032,Alto,0.761,1
31085,Alto,0.882,2
31104,Alto,1.166,3
31098,Alto,0.357,1
31053,Medio,-0.171,1
31091,Alto,0.204,1
31003,Alto,0.233,1
31013,Bajo,-1.071,1
31080,Alto,0.152,1
31067,Medio,-0.182,1
31069,Alto,0.582,1
31006,Medio,-0.065,1
31021,Alto,0.915,1
31027,Bajo,-0.73,1
31011,Medio,-0.251,1
31057,Medio,0.069,1
31036,Alto,0.168,1
31090,Alto,0.727,2
31007,Medio,-0.397,1
31084,Alto,0.311,1
31044,Alto,0.325,1
31092,Muy alto,1.503,3
31055,Alto,0.327,0
31075,Alto,0.662,1
31001,Alto,0.659,2
31029,Medio,-0.341,1
31034,Alto,0.723,2
31035,Alto,0.643,2
31004,Medio,-0.158,0
31047,Alto,0.573,3
31042,Alto,0.478,2
31095,Medio,-0.201,0
31025,Alto,0.181,2
31037,Alto,0.493,2
31015,Alto,0.395,0
31087,Alto,0.905,3
31063,Alto,0.095,0
31073,Alto,1.07,3
31062,Alto,0.272,0
31094,Alto,0.953,3
31023,Medio,-0.179,0
31017,Alto,1.09,3
31009,Alto,0.234,0
31020,Medio,-0.342,0
31022,Muy alto,1.528,3
31039,Medio,-0.153,0
31099,Alto,1.036,3
31066,Alto,0.39,2
31008,Alto,0.625,3
31070,Medio,0.023,0
31012,Alto,0.319,2
31078,Alto,0.288,2
31030,Alto,0.967,3
31082,Medio,-0.292,0
31049,Muy alto,2.019,3
31100,Alto,0.12,0
31026,Medio,-0.164,0
31074,Alto,0.239,0
31097,Alto,0.713,3
31061,Medio,-0.129,0
31103,Alto,0.506,2
31024,Alto,1.004,3
31051,Medio,-0.31,0
31081,Alto,0.848,3
31046,Alto,0.664,3
31018,Alto,0.663,2
31043,Alto,0.688,3
31105,Medio,-0.303,0
31068,Medio,0.005,0
31016,Alto,0.725,3
31054,Medio,0.056,0
31028,Medio,-0.247,0
31077,Alto,0.612,2
31031,Alto,0.753,3
31010,Muy alto,1.262,3
31045,Alto,0.095,0
31106,Alto,0.087,0
31005,Medio,-0.065,0
31086,Alto,0.715,3
31065,Medio,-0.324,0
31088,Alto,0.272,2
31083,Medio,-0.342,0
31072,Medio,-0.289,0
31071,Alto,0.198,2
31064,Alto,0.149,0
31014,Alto,0.463,2
31060,Alto,0.279,2
32010,Bajo,-1.02,1
32017,Muy bajo,-1.658,1
32056,Muy bajo,-1.785,1
32038,Medio,-0.014,0
32039,Bajo,-0.931,1
32042,Bajo,-0.801,0
32020,Muy bajo,-1.094,1
32024,Bajo,-0.82,1
32005,Muy bajo,-1.142,1
32036,Bajo,-0.519,1
32051,Medio,-0.445,0
32049,Medio,-0.443,1
32055,Bajo,-0.746,1
32034,Bajo,-0.967,1
32048,Bajo,-0.975,1
32019,Bajo,-0.828,1
32029,Bajo,-0.97,1
32016,Medio,-0.154,0
32040,Medio,-0.355,0
32014,Medio,-0.371,0
32022,Bajo,-0.936,1
32057,Bajo,-0.915,1
32054,Medio,-0.194,0
32052,Bajo,-0.786,1
32037,Medio,-0.422,0
32026,Alto,0.113,0
32035,Medio,-0.371,0
32044,Bajo,-0.649,1
32025,Bajo,-0.71,1
32053,Bajo,-0.642,1
32007,Bajo,-1.042,1
32023,Bajo,-1.043,1
32008,Bajo,-0.523,1
32032,Muy bajo,-1.32,1
32009,Bajo,-0.62,0
32050,Bajo,-0.691,0
32031,Bajo,-0.504,0
32045,Medio,-0.463,0
32006,Bajo,-0.903,1
32012,Medio,-0.058,0
32046,Medio,-0.281,0
32013,Bajo,-0.719,0
32001,Medio,-0.322,0
32047,Bajo,-0.839,0
32002,Medio,-0.253,0
32021,Alto,0.415,0
32018,Medio,-0.462,0
32004,Bajo,-0.658,0
32033,Bajo,-0.688,0
32027,Medio,-0.164,0
32011,Bajo,-0.747,0
32058,Medio,-0.435,0
32028,Medio,-0.336,0
32041,Alto,0.269,2
32003,Medio,-0.46,0
32030,Bajo,-0.606,0
32043,Medio,-0.298,0
32015,Medio,-0.288,0
